-- --------------------------------------------------------
-- Host:                         127.0.0.1
-- Server version:               8.0.43 - MySQL Community Server - GPL
-- Server OS:                    Win64
-- HeidiSQL Version:             12.12.0.7122
-- --------------------------------------------------------

/*!40101 SET @OLD_CHARACTER_SET_CLIENT=@@CHARACTER_SET_CLIENT */;
/*!40101 SET NAMES utf8 */;
/*!50503 SET NAMES utf8mb4 */;
/*!40103 SET @OLD_TIME_ZONE=@@TIME_ZONE */;
/*!40103 SET TIME_ZONE='+00:00' */;
/*!40014 SET @OLD_FOREIGN_KEY_CHECKS=@@FOREIGN_KEY_CHECKS, FOREIGN_KEY_CHECKS=0 */;
/*!40101 SET @OLD_SQL_MODE=@@SQL_MODE, SQL_MODE='NO_AUTO_VALUE_ON_ZERO' */;
/*!40111 SET @OLD_SQL_NOTES=@@SQL_NOTES, SQL_NOTES=0 */;


-- Dumping database structure for ticketing-system
CREATE DATABASE IF NOT EXISTS `ticketing-system` /*!40100 DEFAULT CHARACTER SET utf8mb4 COLLATE utf8mb4_0900_ai_ci */ /*!80016 DEFAULT ENCRYPTION='N' */;
USE `ticketing-system`;

-- Dumping structure for table ticketing-system.applicants
CREATE TABLE IF NOT EXISTS `applicants` (
  `id` int NOT NULL AUTO_INCREMENT,
  `pid` varchar(50) DEFAULT NULL,
  `full_name` varchar(50) DEFAULT NULL,
  `email` varchar(50) DEFAULT NULL,
  `phone` varchar(50) DEFAULT NULL,
  `position` varchar(50) DEFAULT NULL,
  `job_number` varchar(50) DEFAULT NULL,
  `status` enum('NEW_APPLICANT','SHORTLISTED','REJECTED','CLOSED') CHARACTER SET utf8mb4 COLLATE utf8mb4_0900_ai_ci DEFAULT NULL,
  `is_rejected` tinyint DEFAULT NULL,
  `is_deleted` tinyint DEFAULT '0',
  `created_at` timestamp NULL DEFAULT NULL,
  `updated_at` timestamp NULL DEFAULT NULL,
  PRIMARY KEY (`id`)
) ENGINE=InnoDB AUTO_INCREMENT=39 DEFAULT CHARSET=utf8mb4 COLLATE=utf8mb4_0900_ai_ci;

-- Dumping data for table ticketing-system.applicants: ~2 rows (approximately)
INSERT INTO `applicants` (`id`, `pid`, `full_name`, `email`, `phone`, `position`, `job_number`, `status`, `is_rejected`, `is_deleted`, `created_at`, `updated_at`) VALUES
	(37, 'ff008b71-45f2-4737-9287-2a22d4c2cca7', 'Joshua Santos', 'joshuasantos@beesee.ph', '09123333333', 'Sales Marketing', 'BSG2026677', 'CLOSED', 0, 0, '2026-03-03 01:47:28', NULL),
	(38, '7eed21da-5de9-47f9-aa55-5910bc7f2dc3', 'test', 'jamerodexter13@gmail.com', '09123333333', 'Sales Graphic', 'BSG2026499', 'REJECTED', 0, 0, '2026-03-10 03:44:01', NULL);

-- Dumping structure for table ticketing-system.applicants_attachment
CREATE TABLE IF NOT EXISTS `applicants_attachment` (
  `id` int NOT NULL AUTO_INCREMENT,
  `applicants_id` int DEFAULT NULL,
  `attachment_url` longtext,
  `file_name` longtext,
  `file_size` longtext,
  `file_type` longtext,
  `created_at` timestamp NULL DEFAULT NULL,
  `updated_at` timestamp NULL DEFAULT NULL,
  PRIMARY KEY (`id`),
  KEY `FK_applicants_attachment_applicants` (`applicants_id`),
  CONSTRAINT `FK_applicants_attachment_applicants` FOREIGN KEY (`applicants_id`) REFERENCES `applicants` (`id`) ON DELETE CASCADE ON UPDATE CASCADE
) ENGINE=InnoDB AUTO_INCREMENT=36 DEFAULT CHARSET=utf8mb4 COLLATE=utf8mb4_0900_ai_ci;

-- Dumping data for table ticketing-system.applicants_attachment: ~2 rows (approximately)
INSERT INTO `applicants_attachment` (`id`, `applicants_id`, `attachment_url`, `file_name`, `file_size`, `file_type`, `created_at`, `updated_at`) VALUES
	(34, 37, 'https://rgfs.bryansurio.workers.dev/applicant/000e10d1-f6b1-4b12-82eb-ce2f199ad1fa.pdf', 'JobOrder-TK-51432.pdf', '77040', 'application/pdf', '2026-03-03 01:47:29', NULL),
	(35, 38, 'https://rgfs.bryansurio.workers.dev/applicant/ab4ca3d6-56be-47a0-888c-2c9b071ba420.pdf', 'JobOrder-TK-50790.pdf', '77031', 'application/pdf', '2026-03-10 03:44:02', NULL);

-- Dumping structure for table ticketing-system.audit_logs
CREATE TABLE IF NOT EXISTS `audit_logs` (
  `id` int NOT NULL AUTO_INCREMENT,
  `user_id` int DEFAULT NULL,
  `action` varchar(255) DEFAULT NULL,
  `entity` longtext,
  `details` longtext CHARACTER SET utf8mb4 COLLATE utf8mb4_0900_ai_ci,
  `status_message` longtext CHARACTER SET utf8mb4 COLLATE utf8mb4_0900_ai_ci,
  `created_at` timestamp NULL DEFAULT NULL,
  PRIMARY KEY (`id`),
  KEY `FK_audit_logs_users` (`user_id`),
  CONSTRAINT `FK_audit_logs_users` FOREIGN KEY (`user_id`) REFERENCES `users` (`id`)
) ENGINE=InnoDB AUTO_INCREMENT=304 DEFAULT CHARSET=utf8mb4 COLLATE=utf8mb4_0900_ai_ci;

-- Dumping data for table ticketing-system.audit_logs: ~270 rows (approximately)
INSERT INTO `audit_logs` (`id`, `user_id`, `action`, `entity`, `details`, `status_message`, `created_at`) VALUES
	(2, 2, 'Login', NULL, NULL, NULL, '2026-03-02 05:30:59'),
	(3, 2, 'Login', 'User Account', NULL, NULL, '2026-03-02 05:36:53'),
	(4, 2, 'Login', 'User Account', NULL, NULL, '2026-03-02 05:39:46'),
	(5, 2, 'Login', 'User Account', NULL, NULL, '2026-03-02 05:48:35'),
	(6, 2, 'Login', 'User Account', NULL, NULL, '2026-03-02 05:48:42'),
	(7, 2, 'Login', 'User Account', NULL, NULL, '2026-03-02 05:49:42'),
	(8, 2, 'Logout', 'User Account', NULL, NULL, '2026-03-02 05:49:48'),
	(9, 2, 'Login', 'User', NULL, NULL, '2026-03-02 05:50:13'),
	(10, 2, 'Delete', 'Job Order', NULL, NULL, '2026-03-02 06:18:12'),
	(11, 2, 'Uploaded', 'Job Order Finish', NULL, NULL, '2026-03-02 06:41:35'),
	(12, 2, 'Upload', 'Before/after attachment', NULL, NULL, '2026-03-02 06:41:46'),
	(13, 2, 'Uploaded', 'Before/after attachment', NULL, NULL, '2026-03-02 06:42:11'),
	(14, 2, 'Deleted', 'Before/after attachment', NULL, NULL, '2026-03-02 06:42:20'),
	(15, 2, 'Updated', 'Job Order Status', NULL, NULL, '2026-03-02 06:47:50'),
	(16, 2, 'Logout', 'User Account', NULL, NULL, '2026-03-02 06:51:59'),
	(17, 2, 'Login', 'User Account', NULL, NULL, '2026-03-02 06:53:44'),
	(18, 2, 'Updated', 'User Account', NULL, NULL, '2026-03-02 07:00:42'),
	(19, 2, 'Logout', 'User Account', NULL, NULL, '2026-03-02 07:00:42'),
	(20, 21, 'Sended', 'OTP', NULL, NULL, '2026-03-02 07:07:14'),
	(21, 2, 'Login', 'User Account', NULL, NULL, '2026-03-02 07:13:23'),
	(22, 2, 'Updated', 'User Account', NULL, NULL, '2026-03-02 07:26:05'),
	(23, 2, 'Deleted', 'User Account', NULL, NULL, '2026-03-02 07:42:38'),
	(24, 2, 'Created', 'Position', NULL, NULL, '2026-03-02 07:46:29'),
	(25, 2, 'Updated', 'Position', NULL, NULL, '2026-03-02 07:49:06'),
	(26, 2, 'Updated', 'Position', NULL, NULL, '2026-03-02 07:49:17'),
	(27, 2, 'Updated', 'Position', NULL, NULL, '2026-03-02 07:49:21'),
	(28, 2, 'Updated', 'Position', NULL, NULL, '2026-03-02 07:49:41'),
	(29, 2, 'Deleted', 'Position', NULL, NULL, '2026-03-02 07:53:27'),
	(30, 2, 'Deleted', 'Position', NULL, NULL, '2026-03-02 07:53:41'),
	(31, 2, 'Deleted', 'Position', NULL, NULL, '2026-03-02 07:54:54'),
	(32, 2, 'Deleted', 'Position', NULL, NULL, '2026-03-02 07:57:14'),
	(33, 2, 'Deleted', 'Position', NULL, NULL, '2026-03-02 08:00:28'),
	(34, 2, 'Deleted', 'Position', NULL, NULL, '2026-03-02 08:03:13'),
	(35, 2, 'Created', 'Category', NULL, NULL, '2026-03-02 08:16:13'),
	(38, 2, 'Updated', 'Category', NULL, NULL, '2026-03-02 08:54:04'),
	(39, 2, 'Created', 'Category', NULL, NULL, '2026-03-02 09:04:59'),
	(40, 2, 'Created', 'Category', NULL, NULL, '2026-03-02 09:05:54'),
	(41, 2, 'Deleted', 'Category', NULL, NULL, '2026-03-02 09:05:58'),
	(42, 2, 'Created', 'Model', NULL, NULL, '2026-03-02 09:25:19'),
	(43, 2, 'Updated', 'Model', NULL, NULL, '2026-03-02 09:28:09'),
	(44, 2, 'Deleted', 'Model', NULL, NULL, '2026-03-02 09:38:25'),
	(45, 2, 'Created', 'Issue', NULL, NULL, '2026-03-02 09:47:06'),
	(46, 2, 'Updated', 'Issue', NULL, NULL, '2026-03-02 09:48:49'),
	(47, 2, 'Created', 'FAQ', NULL, NULL, '2026-03-02 10:00:14'),
	(48, 2, 'Updated', 'FAQ', NULL, NULL, '2026-03-02 10:00:27'),
	(49, 2, 'Deleted', 'FAQ', NULL, NULL, '2026-03-02 10:02:39'),
	(50, 2, 'Deleted', 'Issue', NULL, NULL, '2026-03-02 10:02:49'),
	(51, 2, 'Deleted', 'Inquiry', NULL, NULL, '2026-03-02 10:09:32'),
	(53, 2, 'Created', 'Careers', NULL, NULL, '2026-03-02 10:18:42'),
	(54, 2, 'Deleted', 'Careers', NULL, NULL, '2026-03-02 10:21:41'),
	(55, 2, 'Updated', 'Careers', NULL, NULL, '2026-03-02 10:27:07'),
	(56, 2, 'Updated', 'Position', NULL, NULL, '2026-03-02 10:41:07'),
	(57, 2, 'Logout', 'User Account', NULL, NULL, '2026-03-02 10:41:09'),
	(58, 2, 'Login', 'User Account', NULL, NULL, '2026-03-02 10:41:23'),
	(59, 2, 'Updated', 'Position', NULL, NULL, '2026-03-02 10:42:40'),
	(60, 2, 'Logout', 'User Account', NULL, NULL, '2026-03-02 10:42:45'),
	(61, 2, 'Login', 'User Account', NULL, NULL, '2026-03-02 10:42:55'),
	(62, 2, 'Logout', 'User Account', NULL, NULL, '2026-03-03 01:21:56'),
	(63, 2, 'Login', 'User Account', NULL, NULL, '2026-03-03 01:22:14'),
	(64, 2, 'Login', 'User Account', NULL, NULL, '2026-03-03 02:21:40'),
	(65, 2, 'Uploaded', 'Before/after attachment', NULL, NULL, '2026-03-03 02:23:35'),
	(66, 2, 'Updated', 'applicants', NULL, NULL, '2026-03-03 06:53:52'),
	(67, 2, 'Updated', 'applicants', NULL, NULL, '2026-03-03 06:54:21'),
	(68, 2, 'Updated', 'applicants', NULL, NULL, '2026-03-03 06:56:19'),
	(69, 2, 'Updated', 'applicants', NULL, NULL, '2026-03-03 07:00:19'),
	(70, 2, 'Updated', 'applicants', NULL, NULL, '2026-03-03 07:06:14'),
	(71, 2, 'Deleted', 'applicants', NULL, NULL, '2026-03-03 07:06:32'),
	(72, 2, 'Logout', 'Authentication', 'SuperBessee Admin logged out.', NULL, '2026-03-03 10:13:37'),
	(73, 2, 'Login', 'Authentication', 'User SuperBessee Admin logged in.', NULL, '2026-03-03 10:13:47'),
	(74, 2, 'Send Job Order', 'Ticket', 'Job order sent.', NULL, '2026-03-03 10:25:26'),
	(75, 2, 'Update', 'Position', 'Position updated: Super admin.', NULL, '2026-03-04 01:16:03'),
	(76, 2, 'Update', 'Position', 'Position updated: Technician.', NULL, '2026-03-04 01:16:10'),
	(77, 2, 'Login', 'Authentication', 'User SuperBessee Admin logged in.', NULL, '2026-03-04 01:16:25'),
	(78, 2, 'Update', 'Position', 'Position updated: Super admin.', NULL, '2026-03-04 01:18:36'),
	(79, 2, 'Update', 'Position', 'Position updated: Technician.', NULL, '2026-03-04 01:18:41'),
	(80, 2, 'Logout', 'Authentication', 'SuperBessee Admin logged out.', NULL, '2026-03-04 01:28:32'),
	(81, 2, 'Login', 'Authentication', 'User SuperBessee Admin logged in.', NULL, '2026-03-04 01:28:43'),
	(82, 2, 'Update', 'Position', 'Position updated: Super admin.', NULL, '2026-03-04 05:25:21'),
	(83, 2, 'Logout', 'Authentication', 'SuperBessee Admin logged out.', NULL, '2026-03-04 05:40:18'),
	(84, 2, 'Login', 'Authentication', 'User SuperBessee Admin logged in.', NULL, '2026-03-04 05:40:29'),
	(85, 2, 'Update', 'Position', 'Position updated: Super admin.', NULL, '2026-03-04 05:40:39'),
	(86, 2, 'Update', 'Position', 'Position updated: Technician.', NULL, '2026-03-04 05:40:42'),
	(87, 2, 'Logout', 'Authentication', 'SuperBessee Admin logged out.', NULL, '2026-03-04 05:40:44'),
	(88, 2, 'Login', 'Authentication', 'User SuperBessee Admin logged in.', NULL, '2026-03-04 05:40:52'),
	(89, 2, 'Update', 'Ticket', 'Ticket marked as closed.', NULL, '2026-03-04 06:06:24'),
	(90, 2, 'Update', 'Ticket', 'Ticket marked as closed.', NULL, '2026-03-04 06:06:55'),
	(91, 2, 'Update', 'Ticket', 'Ticket marked as closed.', NULL, '2026-03-04 06:07:12'),
	(92, 2, 'Update', 'Ticket', 'Ticket marked as closed.', NULL, '2026-03-04 06:08:07'),
	(93, 2, 'Update', 'Ticket', 'Ticket marked as closed.', NULL, '2026-03-04 06:08:40'),
	(94, 2, 'Update', 'Ticket', 'Ticket marked as closed.', NULL, '2026-03-04 06:09:05'),
	(95, 2, 'Update', 'Ticket', 'Ticket marked as closed.', NULL, '2026-03-04 06:11:28'),
	(96, 2, 'Update', 'Ticket', 'Ticket marked as closed.', NULL, '2026-03-04 06:20:07'),
	(97, 2, 'Update', 'Ticket', 'Ticket marked as closed.', NULL, '2026-03-04 06:20:25'),
	(98, 2, 'Logout', 'Authentication', 'SuperBessee Admin logged out.', NULL, '2026-03-04 07:04:35'),
	(99, 21, 'Login', 'Authentication', 'User Dexter Jamero logged in.', NULL, '2026-03-04 07:04:46'),
	(100, 21, 'Logout', 'Authentication', 'Dexter Jamero logged out.', NULL, '2026-03-04 07:30:00'),
	(101, 2, 'Login', 'Authentication', 'User SuperBessee Admin logged in.', NULL, '2026-03-04 07:32:30'),
	(102, 2, 'Update', 'Ticket', 'Ticket marked as closed.', NULL, '2026-03-04 07:33:06'),
	(103, 2, 'Update', 'Ticket', 'Serial number updated.', NULL, '2026-03-04 07:42:13'),
	(104, 2, 'Send Job Order', 'Ticket', 'Job order sent.', NULL, '2026-03-04 07:42:54'),
	(105, 2, 'Upload', 'Job Order', 'Final job order uploaded.', NULL, '2026-03-04 07:43:38'),
	(106, 2, 'Upload', 'Ticket Attachment', 'Attachment uploaded for after.', NULL, '2026-03-04 07:44:40'),
	(107, 2, 'Update', 'Ticket Status', 'Ticket status updated to resolved.', NULL, '2026-03-04 07:44:56'),
	(108, 2, 'Update', 'Ticket', 'Ticket marked as closed.', NULL, '2026-03-04 07:45:25'),
	(109, 2, 'Logout', 'Authentication', 'SuperBessee Admin logged out.', NULL, '2026-03-04 07:54:25'),
	(110, 21, 'Login', 'Authentication', 'User Dexter Jamero logged in.', NULL, '2026-03-04 07:54:42'),
	(111, 21, 'Send Job Order', 'Ticket', 'Job order sent.', NULL, '2026-03-04 07:57:28'),
	(112, 21, 'Upload', 'Job Order', 'Final job order uploaded.', NULL, '2026-03-04 07:58:58'),
	(113, 21, 'Upload', 'Ticket Attachment', 'Attachment uploaded for after.', NULL, '2026-03-04 07:59:38'),
	(114, 21, 'Upload', 'Ticket Attachment', 'Attachment uploaded for after.', NULL, '2026-03-04 07:59:49'),
	(115, 21, 'Update', 'Ticket Status', 'Ticket status updated to resolved.', NULL, '2026-03-04 08:02:11'),
	(116, 21, 'Logout', 'Authentication', 'Dexter Jamero logged out.', NULL, '2026-03-04 08:54:40'),
	(117, 2, 'Login', 'Authentication', 'User SuperBessee Admin logged in.', NULL, '2026-03-04 08:54:48'),
	(118, 2, 'Update', 'Ticket', 'Ticket marked as closed.', NULL, '2026-03-04 09:01:05'),
	(119, 2, 'Logout', 'Authentication', 'SuperBessee Admin logged out.', NULL, '2026-03-04 09:01:19'),
	(120, 21, 'Login', 'Authentication', 'User Dexter Jamero logged in.', NULL, '2026-03-04 09:01:28'),
	(121, 21, 'Logout', 'Authentication', 'Dexter Jamero logged out.', NULL, '2026-03-04 09:01:47'),
	(122, 2, 'Login', 'Authentication', 'User SuperBessee Admin logged in.', NULL, '2026-03-04 09:01:58'),
	(123, 2, 'Logout', 'Authentication', 'SuperBessee Admin logged out.', NULL, '2026-03-04 09:12:05'),
	(124, 21, 'Login', 'Authentication', 'User Dexter Jamero logged in.', NULL, '2026-03-04 09:12:19'),
	(125, 21, 'Logout', 'Authentication', 'Dexter Jamero logged out.', NULL, '2026-03-04 09:14:28'),
	(126, 2, 'Login', 'Authentication', 'User SuperBessee Admin logged in.', NULL, '2026-03-04 09:14:37'),
	(127, 2, 'Update', 'Position', 'Position updated: Technician.', NULL, '2026-03-04 10:04:25'),
	(128, 2, 'Create', 'Position', 'Position created: Technician.', NULL, '2026-03-04 10:04:25'),
	(129, 2, 'Logout', 'Authentication', 'SuperBessee Admin logged out.', NULL, '2026-03-04 10:04:28'),
	(130, 21, 'Login', 'Authentication', 'User Dexter Jamero logged in.', NULL, '2026-03-04 10:06:03'),
	(131, 21, 'Logout', 'Authentication', 'Dexter Jamero logged out.', NULL, '2026-03-04 10:06:49'),
	(132, 2, 'Login', 'Authentication', 'User SuperBessee Admin logged in.', NULL, '2026-03-04 10:07:00'),
	(133, 2, 'Login', 'Authentication', 'User SuperBessee Admin logged in.', NULL, '2026-03-06 02:00:11'),
	(134, 2, 'Logout', 'Authentication', 'SuperBessee Admin logged out.', 'Logout Successful', '2026-03-06 02:46:09'),
	(135, NULL, 'Login Failed', 'Authentication', 'Login failed for admin@beesee.ph. Error: Invalid username or password', 'Invalid username or password', '2026-03-06 02:47:05'),
	(136, NULL, 'Login Failed', 'Authentication', 'Login failed for admin@beesee.ph. Error: Invalid username or password', 'Invalid username or password', '2026-03-06 03:32:16'),
	(137, 2, 'Login', 'Authentication', 'User SuperBessee Admin logged in.', 'Login Successful', '2026-03-06 03:32:19'),
	(138, 2, 'Update', 'Ticket', 'Ticket marked as closed.', NULL, '2026-03-06 06:22:50'),
	(139, 2, 'Login', 'Authentication', 'User SuperBessee Admin logged in.', NULL, '2026-03-09 01:20:14'),
	(140, 2, 'Update', 'Position', 'Position updated: Super admin.', NULL, '2026-03-09 01:20:42'),
	(141, 2, 'Logout', 'Authentication', 'SuperBessee Admin logged out.', NULL, '2026-03-09 01:20:44'),
	(142, 2, 'Login', 'Authentication', 'User SuperBessee Admin logged in.', NULL, '2026-03-09 01:20:54'),
	(143, 2, 'Update', 'Position', 'Position updated: Super admin.', NULL, '2026-03-09 01:24:22'),
	(144, 2, 'Logout', 'Authentication', 'SuperBessee Admin logged out.', NULL, '2026-03-09 01:24:25'),
	(145, 2, 'Login', 'Authentication', 'User SuperBessee Admin logged in.', NULL, '2026-03-09 01:24:34'),
	(146, 2, 'Logout', 'Authentication', 'SuperBessee Admin logged out.', NULL, '2026-03-09 01:40:05'),
	(147, 21, 'Login', 'Authentication', 'User Dexter Jamero logged in.', NULL, '2026-03-09 01:40:24'),
	(148, 21, 'Logout', 'Authentication', 'Dexter Jamero logged out.', NULL, '2026-03-09 01:40:35'),
	(149, 2, 'Login', 'Authentication', 'User SuperBessee Admin logged in.', NULL, '2026-03-09 01:45:14'),
	(150, 2, 'Update', 'Position', 'Position updated: Super admin.', 'Position updated successfully.', '2026-03-09 06:16:33'),
	(151, 2, 'Logout', 'Authentication', 'SuperBessee Admin logged out.', 'Logout Successfully', '2026-03-09 06:16:39'),
	(152, 2, 'Login', 'Authentication', 'User SuperBessee Admin logged in.', 'Login Successfully', '2026-03-09 06:16:50'),
	(153, 2, 'Logout', 'Authentication', 'SuperBessee Admin logged out.', 'Logout Successfully', '2026-03-09 06:34:04'),
	(154, NULL, 'Login Failed', 'Authentication', 'Login failed for admin@beesee.ph.}', 'Error: Invalid username or password', '2026-03-09 06:34:14'),
	(155, NULL, 'Login Failed', 'Authentication', 'Login failed for admin@beesee.ph.}', 'Error: Invalid username or password', '2026-03-09 06:34:14'),
	(156, NULL, 'Login Failed', 'Authentication', 'Login failed for admin@beesee.ph.}', 'Error: Invalid username or password', '2026-03-09 06:34:16'),
	(157, 2, 'Login', 'Authentication', 'User SuperBessee Admin logged in.', 'Login Successfully', '2026-03-09 06:34:21'),
	(158, 2, 'Logout', 'Authentication', 'SuperBessee Admin logged out.', 'Logout Successfully', '2026-03-10 03:43:38'),
	(159, NULL, 'Send OTP Failed', 'Authentication', 'Failed to send OTP to dasdas@gmail.com.', 'Error: Email address does not exist', '2026-03-10 03:45:45'),
	(160, NULL, 'Send OTP Failed', 'Authentication', 'Failed to send OTP to dexterjamerro@beesee.ph.', 'Error: Email address does not exist', '2026-03-10 03:46:31'),
	(161, 21, 'Send OTP', 'Authentication', 'OTP was sent to dexterjamero@beesee.ph.', 'OTP Sent Successfully', '2026-03-10 03:46:35'),
	(162, 2, 'Create', 'User', 'User account created for Test Test.', 'User Created Successfully', '2026-03-10 03:51:04'),
	(163, 2, 'Update', 'User', 'User account updated for Testa Test.', 'User Updated Successfully', '2026-03-10 03:51:25'),
	(164, 2, 'Create', 'Position', 'Position created: Techniciana.', 'Position created successfully.', '2026-03-10 03:51:41'),
	(165, 2, 'Create', 'Category', 'Category created: Test.', 'Category created successfully', '2026-03-10 03:58:25'),
	(166, 2, 'Delete', 'Product', 'Product records deleted.', 'Product records deleted successfully.', '2026-03-10 04:07:34'),
	(167, 2, 'Create', 'Product', 'Product created: Adasd.', 'Product created successfully.', '2026-03-10 04:58:47'),
	(168, 2, 'Update', 'Product', 'Product updated: Adasd.', 'Product updated successfully.', '2026-03-10 04:59:04'),
	(169, 2, 'Create', 'Issue', 'Issue created: F.', 'Issue created successfully.', '2026-03-10 04:59:24'),
	(170, 2, 'Update', 'Product', 'Product updated: Adasd.', 'Product updated successfully.', '2026-03-10 05:01:34'),
	(171, 2, 'Delete', 'Product', 'Product records deleted.', 'Product records deleted successfully.', '2026-03-10 05:01:38'),
	(172, 2, 'Update', 'Issue', 'Issue updated: F.', 'Issue updated successfully.', '2026-03-10 05:01:49'),
	(173, 2, 'Delete', 'Issue', 'Issue records deleted.', 'Issue records deleted successfully.', '2026-03-10 05:03:15'),
	(174, 2, 'Create', 'FAQ', 'FAQ created: Tet.', 'FAQ created successfully.', '2026-03-10 05:04:39'),
	(175, 2, 'Update', 'FAQ', 'FAQ updated: Tet.', 'FAQ updated successfully.', '2026-03-10 05:04:42'),
	(176, 2, 'Delete', 'FAQ', 'FAQ records deleted.', 'Deleted successfully.', '2026-03-10 05:04:45'),
	(177, 2, 'Create', 'Careers', 'Career created: Ds (BSG2026722).', 'Career created successfully with ID 29.', '2026-03-10 05:10:39'),
	(178, 2, 'Update', 'Ticket', 'Ticket marked as closed.', 'Successfully marked ticket as closed.', '2026-03-10 05:47:45'),
	(179, 2, 'Update', 'Ticket', 'Ticket marked as closed.', 'Successfully marked ticket as closed.', '2026-03-10 05:48:55'),
	(180, 2, 'Update Status', 'Applicants', 'Applicant status updated to REJECTED.', 'Applicant status updated to REJECTED.', '2026-03-10 06:26:53'),
	(181, 2, 'Update Status', 'Applicants', 'Applicant status updated to NEW_APPLICANT.', 'Applicant status updated to NEW_APPLICANT.', '2026-03-10 06:32:52'),
	(182, 2, 'Update Status', 'Applicants', 'Applicant status updated to REJECTED.', 'Applicant status updated to REJECTED.', '2026-03-10 06:36:57'),
	(183, 2, 'Update Status', 'Applicants', 'Applicant status updated to CLOSED.', 'Applicant status updated to CLOSED.', '2026-03-10 07:58:30'),
	(184, 2, 'Update Status', 'Applicants', 'Applicant status updated to REJECTED.', 'Applicant status updated to REJECTED.', '2026-03-10 09:16:48'),
	(185, 2, 'Update Status', 'Applicants', 'Applicant status updated to CLOSED.', 'Applicant status updated to CLOSED.', '2026-03-10 09:16:52'),
	(186, 2, 'Update Status', 'Applicants', 'Applicant status updated to REJECTED.', 'Applicant status updated to REJECTED.', '2026-03-10 09:20:29'),
	(187, 2, 'Update Status', 'Applicants', 'Applicant status updated to CLOSED.', 'Applicant status updated to CLOSED.', '2026-03-10 09:20:33'),
	(188, 2, 'Update Status', 'Applicants', 'Applicant status updated to REJECTED.', 'Applicant status updated to REJECTED.', '2026-03-10 09:29:25'),
	(189, 2, 'Update Status', 'Applicants', 'Applicant status updated to CLOSED.', 'Applicant status updated to CLOSED.', '2026-03-10 09:30:15'),
	(190, 2, 'Update Status', 'Applicants', 'Applicant status updated to CLOSED.', 'Applicant status updated to CLOSED.', '2026-03-10 09:57:10'),
	(191, 2, 'Update Status', 'Applicants', 'Applicant status updated to CLOSED.', 'Applicant status updated to CLOSED.', '2026-03-10 09:58:04'),
	(192, 2, 'Update Status', 'Applicants', 'Applicant status updated to CLOSED.', 'Applicant status updated to CLOSED.', '2026-03-10 10:01:17'),
	(193, 2, 'Update Status', 'Applicants', 'Applicant status updated to CLOSED.', 'Applicant status updated to CLOSED.', '2026-03-10 10:02:54'),
	(194, 2, 'Update Status', 'Applicants', 'Applicant status updated to REJECTED.', 'Applicant status updated to REJECTED.', '2026-03-10 10:06:58'),
	(195, NULL, 'Get All Tickets by Status Failed', 'Ticket', 'Failed to retrieve tickets by status.', 'Error: Unknown column \'pid\' in \'field list\'', '2026-03-10 10:19:35'),
	(196, 2, 'Update', 'Ticket Status', 'Ticket status updated to resolved.', 'Successfully updated ticket status.', '2026-03-11 07:37:16'),
	(197, 2, 'Update', 'Ticket Status', 'Ticket status updated to resolved.', 'Successfully updated ticket status.', '2026-03-11 07:38:03'),
	(198, NULL, 'Reply', 'Ticket', 'Replied to a ticket.', 'Successfully replied to a ticket.', '2026-03-11 07:47:18'),
	(199, NULL, 'Reply', 'Ticket', 'Replied to a ticket.', 'Successfully replied to a ticket.', '2026-03-11 07:48:21'),
	(200, NULL, 'Get Tickets Failed', 'Ticket', 'Failed to retrieve tickets.', 'Error: Unknown column \'t.t.status\' in \'field list\'', '2026-03-11 07:55:00'),
	(201, NULL, 'Get Tickets Failed', 'Ticket', 'Failed to retrieve tickets.', 'Error: Unknown column \'t.t.status\' in \'field list\'', '2026-03-11 07:55:00'),
	(202, NULL, 'Get Tickets Failed', 'Ticket', 'Failed to retrieve tickets.', 'Error: Unknown column \'t.t.status\' in \'field list\'', '2026-03-11 07:55:00'),
	(203, NULL, 'Get Tickets Failed', 'Ticket', 'Failed to retrieve tickets.', 'Error: Unknown column \'t.t.status\' in \'field list\'', '2026-03-11 07:55:00'),
	(204, NULL, 'Reply', 'Ticket', 'Replied to a ticket.', 'Successfully replied to a ticket.', '2026-03-11 08:23:02'),
	(205, 2, 'Upload', 'Job Order', 'Final job order uploaded.', 'Successfully uploaded final job order.', '2026-03-11 09:21:50'),
	(206, 2, 'Upload', 'Ticket Attachment', 'Attachment uploaded for after.', 'Successfully uploaded attachment.', '2026-03-11 09:22:11'),
	(207, 2, 'Update', 'Ticket Status', 'Ticket status updated to resolved.', 'Successfully updated ticket status.', '2026-03-11 09:22:15'),
	(208, 2, 'Update', 'Ticket Status', 'Ticket status updated to resolved.', 'Successfully updated ticket status.', '2026-03-11 09:26:53'),
	(209, 2, 'Update', 'Ticket Status', 'Ticket status updated to resolved.', 'Successfully updated ticket status.', '2026-03-11 09:29:32'),
	(210, 2, 'Update', 'Ticket Status', 'Ticket status updated to resolved.', 'Successfully updated ticket status.', '2026-03-11 09:30:58'),
	(211, 2, 'Logout', 'Authentication', 'SuperBessee Admin logged out.', 'Logout Successfully', '2026-03-12 01:30:54'),
	(212, 2, 'Reply', 'Ticket', 'Replied to a ticket.', 'Successfully replied to a ticket.', '2026-03-12 05:07:11'),
	(213, NULL, 'Reply', 'Ticket', 'Replied to a ticket.', 'Successfully replied to a ticket.', '2026-03-12 05:40:18'),
	(214, 2, 'Reply', 'Ticket', 'Replied to a ticket.', 'Successfully replied to a ticket.', '2026-03-12 05:41:37'),
	(215, 2, 'Send Job Order', 'Ticket', 'Job order sent.', 'Successfully sent job order.', '2026-03-12 05:42:49'),
	(216, NULL, 'Reply', 'Ticket', 'Replied to a ticket.', 'Successfully replied to a ticket.', '2026-03-12 05:52:47'),
	(217, 2, 'Send Job Order', 'Ticket', 'Job order sent.', 'Successfully sent job order.', '2026-03-12 05:52:56'),
	(218, 2, 'Reply', 'Ticket', 'Replied to a ticket.', 'Successfully replied to a ticket.', '2026-03-12 05:53:48'),
	(219, 2, 'Send Job Order', 'Ticket', 'Job order sent.', 'Successfully sent job order.', '2026-03-12 05:53:53'),
	(220, 2, 'Login', 'Authentication', 'User SuperBessee Admin logged in.', 'Login Successfully', '2026-03-16 01:41:09'),
	(221, 2, 'Logout', 'Authentication', 'SuperBessee Admin logged out.', 'Logout Successfully', '2026-03-16 01:41:16'),
	(222, NULL, 'Login Failed', 'Authentication', 'Login failed for test@gmail.com.', 'Error: Invalid username or password', '2026-03-16 01:41:27'),
	(223, NULL, 'Login Failed', 'Authentication', 'Login failed for test@gmail.com.', 'Error: Invalid username or password', '2026-03-16 01:41:30'),
	(224, NULL, 'Login Failed', 'Authentication', 'Login failed for test@gmail.com.', 'Error: Invalid username or password', '2026-03-16 01:41:32'),
	(225, 24, 'Login', 'Authentication', 'User Test Test logged in.', 'Login Successfully', '2026-03-16 01:42:25'),
	(226, 24, 'Login', 'Authentication', 'User Test Test logged in.', 'Login Successfully', '2026-03-16 01:44:33'),
	(227, 24, 'Logout', 'Authentication', 'Test Test logged out.', 'Logout Successfully', '2026-03-16 01:45:28'),
	(228, 24, 'Logout', 'Authentication', 'Test Test logged out.', 'Logout Successfully', '2026-03-16 01:47:10'),
	(229, NULL, 'Login Failed', 'Authentication', 'Login failed for dexterjamero@beesee.ph.', 'Error: Invalid username or password', '2026-03-16 01:52:26'),
	(230, NULL, 'Login Failed', 'Authentication', 'Login failed for dexterjamero@beesee.ph.', 'Error: Invalid username or password', '2026-03-16 01:52:29'),
	(231, NULL, 'Login Failed', 'Authentication', 'Login failed for dexterjamero@beesee.ph.', 'Error: Invalid username or password', '2026-03-16 01:52:31'),
	(232, 2, 'Login', 'Authentication', 'User SuperBessee Admin logged in.', 'Login Successfully', '2026-03-16 01:52:40'),
	(233, 2, 'Logout', 'Authentication', 'SuperBessee Admin logged out.', 'Logout Successfully', '2026-03-16 01:52:59'),
	(234, 24, 'Update', 'Ticket Remarks', 'Ticket remarks updated.', 'Successfully updated ticket remarks.', '2026-03-16 03:41:01'),
	(235, 24, 'Update', 'Ticket Remarks', 'Ticket remarks updated.', 'Successfully updated ticket remarks.', '2026-03-16 03:41:37'),
	(236, 24, 'Update', 'Ticket Remarks', 'Ticket remarks updated.', 'Successfully updated ticket remarks.', '2026-03-16 03:49:18'),
	(237, 24, 'Update', 'Ticket Remarks', 'Ticket remarks updated.', 'Successfully updated ticket remarks.', '2026-03-16 03:49:27'),
	(238, 21, 'Login', 'Authentication', 'User Dexter Jamero logged in.', 'Login Successfully', '2026-03-16 05:11:43'),
	(239, 21, 'Logout', 'Authentication', 'Dexter Jamero logged out.', 'Logout Successfully', '2026-03-16 05:11:48'),
	(240, 2, 'Login', 'Authentication', 'User SuperBessee Admin logged in.', 'Login Successfully', '2026-03-16 05:12:05'),
	(241, 2, 'Logout', 'Authentication', 'SuperBessee Admin logged out.', 'Logout Successfully', '2026-03-16 05:12:14'),
	(242, 2, 'Login', 'Authentication', 'User SuperBessee Admin logged in.', 'Login Successfully', '2026-03-16 05:32:06'),
	(243, 2, 'Reply Ticket Failed', 'Ticket', 'Failed to reply to a ticket.', 'Error: Failed to send email: You tried to send to recipient(s) that have been marked as inactive. Found inactive addresses: marketinga@beesee.ph. Inactive recipients are ones that have generated a hard bounce, a spam complaint, or a manual suppression.', '2026-03-16 05:32:13'),
	(244, 2, 'Reply', 'Ticket', 'Replied to a ticket.', 'Successfully replied to a ticket.', '2026-03-16 05:32:28'),
	(245, 2, 'Update', 'Ticket', 'Ticket marked as closed.', 'Successfully marked ticket as closed.', '2026-03-16 05:57:47'),
	(246, 2, 'Update', 'Ticket', 'Ticket marked as closed.', 'Successfully marked ticket as closed.', '2026-03-16 06:00:02'),
	(247, 2, 'Update', 'Ticket', 'Ticket marked as closed.', 'Successfully marked ticket as closed.', '2026-03-16 06:00:44'),
	(248, 2, 'Update', 'Ticket', 'Ticket marked as closed.', 'Successfully marked ticket as closed.', '2026-03-16 06:01:57'),
	(249, 2, 'Update', 'Ticket', 'Ticket marked as closed.', 'Successfully marked ticket as closed.', '2026-03-16 06:03:19'),
	(250, 2, 'Update', 'Ticket', 'Ticket marked as closed.', 'Successfully marked ticket as closed.', '2026-03-16 06:05:50'),
	(251, 2, 'Update', 'Ticket', 'Ticket marked as closed.', 'Successfully marked ticket as closed.', '2026-03-16 06:08:30'),
	(252, 2, 'Update', 'Ticket', 'Ticket marked as closed.', 'Successfully marked ticket as closed.', '2026-03-16 06:16:39'),
	(253, 2, 'Update', 'Ticket', 'Ticket marked as closed.', 'Successfully marked ticket as closed.', '2026-03-16 06:16:59'),
	(254, 2, 'Update', 'Ticket Remarks', 'Ticket remarks updated.', 'Successfully updated ticket remarks.', '2026-03-16 06:49:07'),
	(255, 2, 'Update', 'Ticket', 'Ticket marked as closed.', 'Successfully marked ticket as closed.', '2026-03-16 06:49:10'),
	(256, 2, 'Update', 'Ticket', 'Ticket marked as closed.', 'Successfully marked ticket as closed.', '2026-03-16 06:51:04'),
	(257, 2, 'Update', 'Ticket', 'Ticket marked as closed.', 'Successfully marked ticket as closed.', '2026-03-16 06:51:24'),
	(258, 2, 'Login', 'Authentication', 'User SuperBessee Admin logged in.', 'Login Successfully', '2026-03-16 08:12:18'),
	(259, 2, 'Update', 'Ticket', 'Ticket marked as closed.', 'Successfully marked ticket as closed.', '2026-03-16 08:13:07'),
	(260, 2, 'Update', 'Ticket', 'Ticket marked as closed.', 'Successfully marked ticket as closed.', '2026-03-16 08:15:15'),
	(261, 2, 'Update', 'Ticket', 'Ticket marked as closed.', 'Successfully marked ticket as closed.', '2026-03-16 08:15:42'),
	(262, 2, 'Update', 'Ticket', 'Ticket marked as closed.', 'Successfully marked ticket as closed.', '2026-03-16 08:17:14'),
	(263, 2, 'Update', 'Ticket', 'Ticket marked as closed.', 'Successfully marked ticket as closed.', '2026-03-16 08:17:21'),
	(264, 2, 'Update', 'Ticket', 'Ticket marked as closed.', 'Successfully marked ticket as closed.', '2026-03-16 08:17:44'),
	(265, 2, 'Update', 'Ticket', 'Ticket marked as closed.', 'Successfully marked ticket as closed.', '2026-03-16 08:20:31'),
	(266, 2, 'Update', 'Ticket', 'Ticket marked as closed.', 'Successfully marked ticket as closed.', '2026-03-16 08:21:26'),
	(267, 2, 'Update', 'Ticket', 'Ticket marked as closed.', 'Successfully marked ticket as closed.', '2026-03-16 08:23:16'),
	(268, 2, 'Update', 'Ticket', 'Ticket marked as closed.', 'Successfully marked ticket as closed.', '2026-03-16 08:25:07'),
	(269, 2, 'Update', 'Ticket', 'Ticket marked as closed.', 'Successfully marked ticket as closed.', '2026-03-16 08:25:56'),
	(270, 2, 'Update', 'Ticket', 'Ticket marked as closed.', 'Successfully marked ticket as closed.', '2026-03-16 08:34:27'),
	(271, 2, 'Reply', 'Ticket', 'Replied to a ticket.', 'Successfully replied to a ticket.', '2026-03-16 08:54:32'),
	(272, 2, 'Login', 'Authentication', 'User SuperBessee Admin logged in.', 'Login Successfully', '2026-03-17 08:30:30'),
	(273, NULL, 'Reply', 'Ticket', 'Replied to a ticket.', 'Successfully replied to a ticket.', '2026-03-18 00:57:07'),
	(274, 2, 'Login', 'Authentication', 'User SuperBessee Admin logged in.', 'Login Successfully', '2026-03-18 02:17:22'),
	(275, 2, 'Update', 'Position', 'Position updated: Technician.', 'Position updated successfully.', '2026-03-18 05:10:56'),
	(276, 2, 'Logout', 'Authentication', 'SuperBessee Admin logged out.', 'Logout Successfully', '2026-03-18 05:10:58'),
	(277, NULL, 'Login Failed', 'Authentication', 'Login failed for dexterjamero@beesee.ph.', 'Error: Invalid username or password', '2026-03-18 05:11:12'),
	(278, 21, 'Login', 'Authentication', 'User Dexter Jamero logged in.', 'Login Successfully', '2026-03-18 05:11:28'),
	(279, 21, 'Logout', 'Authentication', 'Dexter Jamero logged out.', 'Logout Successfully', '2026-03-18 05:11:37'),
	(280, 2, 'Login', 'Authentication', 'User SuperBessee Admin logged in.', 'Login Successfully', '2026-03-18 05:11:47'),
	(281, 2, 'Logout', 'Authentication', 'SuperBessee Admin logged out.', 'Logout Successfully', '2026-03-18 05:42:35'),
	(282, NULL, 'Login Failed', 'Authentication', 'Login failed for dexterjamero@beesee.ph.', 'Error: Invalid username or password', '2026-03-18 05:42:48'),
	(283, 21, 'Login', 'Authentication', 'User Dexter Jamero logged in.', 'Login Successfully', '2026-03-18 05:42:59'),
	(284, 21, 'Logout', 'Authentication', 'Dexter Jamero logged out.', 'Logout Successfully', '2026-03-18 05:43:29'),
	(285, 2, 'Login', 'Authentication', 'User SuperBessee Admin logged in.', 'Login Successfully', '2026-03-18 05:43:44'),
	(286, 2, 'Update', 'Ticket', 'Serial number updated.', 'Successfully updated serial number.', '2026-03-18 06:06:15'),
	(287, 2, 'Send Job Order', 'Ticket', 'Job order sent.', 'Successfully sent job order.', '2026-03-18 06:06:29'),
	(288, 2, 'Delete', 'Careers', 'Career records deleted.', 'Deleted  successfully.', '2026-03-18 06:40:18'),
	(289, 2, 'Delete', 'Careers', 'Career records deleted.', 'Deleted  successfully.', '2026-03-18 06:40:22'),
	(290, 2, 'Update Status', 'Applicants', 'Applicant status updated to SHORTLISTED.', 'Applicant status updated to SHORTLISTED.', '2026-03-18 09:08:10'),
	(291, 2, 'Update Status', 'Applicants', 'Applicant status updated to NEW_APPLICANT.', 'Applicant status updated to NEW_APPLICANT.', '2026-03-18 09:09:05'),
	(292, 2, 'Update Status', 'Applicants', 'Applicant status updated to REJECTED.', 'Applicant status updated to REJECTED.', '2026-03-18 09:10:46'),
	(293, 2, 'Update Status', 'Applicants', 'Applicant status updated to CLOSED.', 'Applicant status updated to CLOSED.', '2026-03-18 09:12:05'),
	(294, 2, 'Login', 'Authentication', 'User SuperBessee Admin logged in.', 'Login Successfully', '2026-03-19 02:04:02'),
	(295, NULL, 'Reply Ticket Failed', 'Ticket', 'Failed to reply to a ticket.', 'Error: request file too large', '2026-03-19 02:04:17'),
	(296, 2, 'Reply Ticket Failed', 'Ticket', 'Failed to reply to a ticket.', 'Error: Failed to send email: Invalid recipient email format.', '2026-03-19 02:09:26'),
	(297, 2, 'Reply Ticket Failed', 'Ticket', 'Failed to reply to a ticket.', 'Error: Failed to send email: Invalid recipient email format.', '2026-03-19 02:10:07'),
	(298, 2, 'Reply', 'Ticket', 'Replied to a ticket.', 'Successfully replied to a ticket.', '2026-03-19 02:11:15'),
	(299, 2, 'Reply', 'Ticket', 'Replied to a ticket.', 'Successfully replied to a ticket.', '2026-03-19 02:19:26'),
	(300, NULL, 'Reply', 'Ticket', 'Replied to a ticket.', 'Successfully replied to a ticket.', '2026-03-19 03:21:36'),
	(301, 2, 'Reply', 'Ticket', 'Replied to a ticket.', 'Successfully replied to a ticket.', '2026-03-19 03:26:36'),
	(302, 2, 'Reply', 'Ticket', 'Replied to a ticket.', 'Successfully replied to a ticket.', '2026-03-19 03:33:57'),
	(303, NULL, 'Reply', 'Ticket', 'Replied to a ticket.', 'Successfully replied to a ticket.', '2026-03-19 03:35:37');

-- Dumping structure for table ticketing-system.careers
CREATE TABLE IF NOT EXISTS `careers` (
  `id` int NOT NULL AUTO_INCREMENT,
  `job_reference_number` char(255) CHARACTER SET utf8mb4 COLLATE utf8mb4_0900_ai_ci DEFAULT NULL,
  `description` longtext CHARACTER SET utf8mb4 COLLATE utf8mb4_0900_ai_ci,
  `title` varchar(255) CHARACTER SET utf8mb4 COLLATE utf8mb4_0900_ai_ci DEFAULT NULL,
  `job_type` enum('Full-time','Internship','Part-time','Contract') CHARACTER SET utf8mb4 COLLATE utf8mb4_0900_ai_ci DEFAULT NULL,
  `location` varchar(255) CHARACTER SET utf8mb4 COLLATE utf8mb4_0900_ai_ci DEFAULT NULL,
  `work_location` varchar(255) CHARACTER SET utf8mb4 COLLATE utf8mb4_0900_ai_ci DEFAULT NULL,
  `careers_job_details` longtext,
  `status` enum('Accepting_Applications','Closed') CHARACTER SET utf8mb4 COLLATE utf8mb4_0900_ai_ci DEFAULT NULL,
  `created_at` timestamp NULL DEFAULT NULL,
  `updated_at` timestamp NULL DEFAULT NULL,
  PRIMARY KEY (`id`)
) ENGINE=InnoDB AUTO_INCREMENT=30 DEFAULT CHARSET=utf8mb4 COLLATE=utf8mb4_0900_ai_ci;

-- Dumping data for table ticketing-system.careers: ~4 rows (approximately)
INSERT INTO `careers` (`id`, `job_reference_number`, `description`, `title`, `job_type`, `location`, `work_location`, `careers_job_details`, `status`, `created_at`, `updated_at`) VALUES
	(16, 'BSG2026499', 'As a <b>Sales Graphic</b>, you’ll be promoting a range of tech innovative devices, along with IT digital solution services. You’ll help businesses upgrade their technology, connect with clients, and deliver smarter solutions.', 'Sales Graphic', 'Full-time', 'South Triangle, Quezon City', 'Onsite', '<b>What You\'ll Do</b><br><ul style="list-style-type: disc; padding-left: 40px;"><li>Create eye-catching visuals, campaigns, and social media content.\n</li><li>Support sales with engaging marketing materials and client presentations.\n</li><li>Design stunning visuals, campaigns, and marketing collaterals.\n</li><li>Support and participate in sales inquiries and presentations.\n</li><li>Represent the company during trade shows, pitches, and client demos.\n</li><li>Design digital ads and campaigns that drive leads and awareness</li></ul><div><b><br></b></div><div><b>What We\'re Looking For</b><br><ul style="list-style-type: disc; padding-left: 40px;"><li>Graduate of Graphic Design, Multimedia, Marketing, IT, or related field.\n</li><li>Experience in sales, graphic design and marketing.\n</li><li>Familiar with laptops, tablets, digital displays, or IT services.\n</li><li>Proficient in Adobe Creative Suite (Photoshop, Illustrator, InDesign, Premiere, After Effects) or equivalent design tools.\n</li><li>Creative thinker with knowledge of digital marketing tools (Canva, Meta Ads, Google Ads, etc.).\n</li><li>Creative, adaptable, and detail-oriented, and enjoys working with technology.</li></ul></div>', 'Accepting_Applications', '2026-01-14 05:53:56', NULL),
	(25, 'BSG2026677', 'As a <b>Sales Marketing </b>Professional, You\'ll be promoting a range of tech devices such as Laptops, Tablets, digital Kiosks, interactive Boards, and smart Displays, along with IT services like CCTV installation and network system Setup. You\'ll help businesses upgrade their Technology, connect with Clients, and deliver smarter Solutions. Testing.', 'Sales Marketing', 'Full-time', 'South Triangle, Quezon City', 'Onsite', '<div><b>What You\'ll Do</b></div><ul style="list-style-type: disc; padding-left: 40px;"><li>Develop and implement marketing strategies tailored to IT devices and services.\n</li><li>Conduct market research and competitor analysis to identify business opportunities.\n</li><li>Create and manage marketing campaigns across digital and traditional platforms.\n</li><li>Generate and follow up on leads, prepare proposals, and negotiate sales contracts.\n</li><li>Coordinate with the technical team to ensure accurate product service information is conveyed to clients.\n</li><li>Represent the company in client meetings, trade shows, and product demonstrations.\n</li><li>Prepare sales forecasts, reports, and presentations for management.\n</li><li>Collaborate with management to design promotional materials and campaigns that align with company goals.\n</li><li>Provide after-sales support and maintain strong client relationships for repeat business.</li></ul><div><br></div><div><b>What We\'re Looking For</b></div><div><ul style="list-style-type: disc; padding-left: 40px;"><li>Bachelor\'s Degree in Business Administration, Marketing, IT, or related fields.\n</li><li>Experience in sales, marketing, business development, or technical support.\n</li><li>Familiar with laptops, tablets, digital displays, or IT services.\n</li><li>Confident communicator with strong presentation and persuasion skills.\n</li><li>MS Office proficiency, especially Excel and PowerPoint.\n</li><li>Strong organization and time management skills.\n</li><li>Creative thinker with knowledge of digital marketing tools.\n</li><li>Understanding of digital marketing and online sales strategies is a plus.\n</li><li>Motivated, results-oriented, and enjoys working with technology.</li></ul></div>', 'Accepting_Applications', '2026-01-19 02:37:56', NULL);

-- Dumping structure for table ticketing-system.careers_qualifications
CREATE TABLE IF NOT EXISTS `careers_qualifications` (
  `id` int NOT NULL AUTO_INCREMENT,
  `careers_id` int DEFAULT NULL,
  `qualification` longtext CHARACTER SET utf8mb4 COLLATE utf8mb4_0900_ai_ci,
  `created_at` timestamp NULL DEFAULT NULL,
  `updated_at` timestamp NULL DEFAULT NULL,
  PRIMARY KEY (`id`),
  KEY `FK_careers_qualifications_careers` (`careers_id`),
  CONSTRAINT `FK_careers_qualifications_careers` FOREIGN KEY (`careers_id`) REFERENCES `careers` (`id`) ON DELETE CASCADE ON UPDATE CASCADE
) ENGINE=InnoDB AUTO_INCREMENT=215 DEFAULT CHARSET=utf8mb4 COLLATE=utf8mb4_0900_ai_ci;

-- Dumping data for table ticketing-system.careers_qualifications: ~0 rows (approximately)

-- Dumping structure for table ticketing-system.careers_responsibilities
CREATE TABLE IF NOT EXISTS `careers_responsibilities` (
  `id` int NOT NULL AUTO_INCREMENT,
  `careers_id` int DEFAULT NULL,
  `responsibilities` longtext CHARACTER SET utf8mb4 COLLATE utf8mb4_0900_ai_ci,
  `created_at` timestamp NULL DEFAULT NULL,
  `updated_at` timestamp NULL DEFAULT NULL,
  PRIMARY KEY (`id`),
  KEY `FK_careers_responsibilities_careers` (`careers_id`),
  CONSTRAINT `FK_careers_responsibilities_careers` FOREIGN KEY (`careers_id`) REFERENCES `careers` (`id`) ON DELETE CASCADE ON UPDATE CASCADE
) ENGINE=InnoDB AUTO_INCREMENT=111 DEFAULT CHARSET=utf8mb4 COLLATE=utf8mb4_0900_ai_ci;

-- Dumping data for table ticketing-system.careers_responsibilities: ~0 rows (approximately)

-- Dumping structure for table ticketing-system.categories
CREATE TABLE IF NOT EXISTS `categories` (
  `id` int NOT NULL AUTO_INCREMENT,
  `pid` char(50) DEFAULT NULL,
  `name` varchar(50) DEFAULT NULL,
  `is_active` enum('true','false') CHARACTER SET utf8mb4 COLLATE utf8mb4_0900_ai_ci DEFAULT 'false',
  `is_deleted` tinyint DEFAULT '0',
  `created_at` timestamp NULL DEFAULT NULL,
  `updated_at` timestamp NULL DEFAULT NULL,
  PRIMARY KEY (`id`)
) ENGINE=InnoDB AUTO_INCREMENT=35 DEFAULT CHARSET=utf8mb4 COLLATE=utf8mb4_0900_ai_ci;

-- Dumping data for table ticketing-system.categories: ~9 rows (approximately)
INSERT INTO `categories` (`id`, `pid`, `name`, `is_active`, `is_deleted`, `created_at`, `updated_at`) VALUES
	(7, '03bb14fd-effc-4896-a948-7a7ad8220f73', 'Educational Interactive Tv', 'false', 0, '2025-11-20 02:35:19', '2026-02-10 01:36:26'),
	(20, 'eeb33d1d-de0f-436b-ae81-bd261f7a320a', 'Others', 'true', 0, '2026-01-30 02:03:11', '2026-02-09 01:48:47'),
	(24, 'de79239f-24e7-4395-889e-ed5972e7c5ed', 'Educational Tablet', 'false', 0, '2026-02-10 01:36:02', '2026-02-10 01:36:36'),
	(25, '3bb5c2d8-f874-4d2c-9ae6-c7d3097d31a2', 'Uninterrupted Power Supply (UPS)', 'false', 0, '2026-02-10 01:37:16', NULL),
	(27, '4d6dc1da-5e84-473b-8e99-562d4b83462e', 'Network System', 'false', 0, '2026-02-18 01:46:04', NULL),
	(31, '83a3dcc7-8879-4579-9792-4302df926ff4', 'Technician', 'false', 1, '2026-03-02 08:16:13', '2026-03-02 08:54:04'),
	(32, '6b4fc1dd-e51e-4c98-9803-59ef02a5c836', 'Technician', 'false', 1, '2026-03-02 09:04:59', NULL),
	(33, '56a34d23-4335-4044-b7a3-4bb25b68b9f4', 'Technician', 'false', 1, '2026-03-02 09:05:54', NULL),
	(34, 'a0c900f2-0699-488c-847f-4950862ca473', 'Test', 'false', 0, '2026-03-10 03:58:25', '2026-03-10 04:05:26');

-- Dumping structure for table ticketing-system.customers
CREATE TABLE IF NOT EXISTS `customers` (
  `id` int NOT NULL AUTO_INCREMENT,
  `pid` char(255) CHARACTER SET utf8mb4 COLLATE utf8mb4_0900_ai_ci DEFAULT NULL,
  `full_name` varchar(255) CHARACTER SET utf8mb4 COLLATE utf8mb4_0900_ai_ci DEFAULT NULL,
  `company` varchar(255) CHARACTER SET utf8mb4 COLLATE utf8mb4_0900_ai_ci DEFAULT NULL,
  `city` varchar(255) CHARACTER SET utf8mb4 COLLATE utf8mb4_0900_ai_ci DEFAULT NULL,
  `email` varchar(255) CHARACTER SET utf8mb4 COLLATE utf8mb4_0900_ai_ci DEFAULT NULL,
  `phone` varchar(255) CHARACTER SET utf8mb4 COLLATE utf8mb4_0900_ai_ci DEFAULT NULL,
  `location` varchar(255) DEFAULT NULL,
  `created_at` timestamp NULL DEFAULT NULL,
  PRIMARY KEY (`id`)
) ENGINE=InnoDB AUTO_INCREMENT=234 DEFAULT CHARSET=utf8mb4 COLLATE=utf8mb4_0900_ai_ci;

-- Dumping data for table ticketing-system.customers: ~41 rows (approximately)
INSERT INTO `customers` (`id`, `pid`, `full_name`, `company`, `city`, `email`, `phone`, `location`, `created_at`) VALUES
	(23, 'fee433ac-5cfb-4835-bb93-2f41e0b0aa49', 'John Smith', 'San Jose ES', 'Makati ', 'dexterjamero@beesee.ph', '09211111111', NULL, '2025-11-26 10:17:49'),
	(24, '5142f52b-3840-4c0e-83cb-dfba462f0a7a', 'Sarah Johnson', 'RGFS ', 'Quezon City', 'sarah@gmail.com', '09231111111', NULL, '2025-11-26 10:19:16'),
	(30, '421b9aa4-17cf-4079-840a-3373816d64eb', 'elle', 'Mesa Evo', 'Makati ', 'elizabeth.guevarra@beesee.ph', '09312313123', NULL, '2025-11-28 02:30:34'),
	(45, '67d8a8ef-9a85-4e43-b2f1-96fd71ae9cb2', 'Test', 'Mdc', 'Pasig', 'marketing@beesee.ph', '09213333333', NULL, '2025-11-09 07:59:05'),
	(133, '896db1d8-5bbb-4b8a-a1ac-1b3f5eb2e7ba', 'Dexter Jamero', 'Client', 'Bulacan', 'dexterjamero@beesee.ph', '09123333333', NULL, '2026-01-08 02:38:35'),
	(157, 'd2360ddf-9fcb-4719-a16d-f0ee7413ccf0', 'Elizabeth Guevarra', 'BSG Technologies', 'Quezon City', 'elizabeth.guevarra@beesee.ph', '09678019117', NULL, '2026-01-08 08:52:26'),
	(190, 'f257d928-388e-4ef7-88a8-8fe9a01fb7af', 'Dexter Jamero', 'Client', 'Dasdsa', 'jamerodexter13@gmail.com', '09123333333', NULL, '2026-01-14 12:47:28'),
	(192, '96336501-c08d-40d6-9a76-f456f22973f2', 'Dexter Testing', 'Client', 'Bulacan', 'jamerodexter13@gmail.com', '09123333333', NULL, '2026-01-15 06:42:55'),
	(197, 'e51b4afd-b7d3-417f-bcf1-46b443ccc32b', 'Yrdy', 'Fsd', 'Fsd', 'jamerodexter13@gmail.com', '09767543444', NULL, '2026-02-05 01:45:32'),
	(199, 'c021efd0-5bb8-4fac-9de8-6428fa25215e', 'Dad', 'Asd', 'Das', 'das@gmail.com', '09321111111', NULL, '2026-02-09 03:03:27'),
	(200, 'bc1df420-faec-42e2-a10e-639e61e74266', 'Dexter Jamero', 'Client', 'Bulacan', 'jamerodexter13@gmail.com', '09123333333', NULL, '2026-02-09 03:07:37'),
	(201, 'cb1cccff-4b70-4e08-81f9-a5703d8b57de', 'Dexter Jamero', 'Client', 'Bulacan', 'jamerodexter13@gmail.com', '09123333333', NULL, '2026-02-09 03:12:04'),
	(202, '74e00efc-7f94-4a58-b76c-c2bf2e527d2a', 'Dexter Jamero', 'Client', 'Bulacan', 'jamerodexter13@gmail.com', '09123333333', NULL, '2026-02-09 03:15:15'),
	(203, '1518b770-2824-463f-a22f-c1f054017b49', 'Dexter Jamero', 'Client', 'Bulacan', 'jamerodexter13@gmail.com', '09123333333', NULL, '2026-02-09 03:16:18'),
	(206, '9d1f1ce4-6842-49f2-935c-6beb69d5e8c9', 'Dexter Jamero', 'Client', 'Bulacan', 'jamerodexter13@gmail.com', '09123333333', NULL, '2026-02-09 05:41:23'),
	(208, '42856ae6-8ccf-408c-9583-c0790bd7c69b', 'Dexter Jamero', 'Client', 'Bulacan', 'jamerodexter13@gmail.com', '09123333333', NULL, '2026-02-16 07:11:09'),
	(209, 'abb6b94a-3e74-4105-8d0a-5be81a346b09', 'Dasd', 'Client', 'Das', 'dexterjamerro@beesee.ph', '09123333333', NULL, '2026-02-16 08:35:11'),
	(210, 'be97ce75-6c02-4943-9280-da30a749afeb', 'Asdafadsf', 'Client', 'Fs', 'dexterjamerro@beesee.ph', '09123333333', NULL, '2026-02-16 08:36:34'),
	(211, 'fffcadc5-217d-4574-bc17-79596261b4a4', 'Asdasdg', 'Gasdf', 'Sadf', 'jsmrto@gmail.com', '09564765756', NULL, '2026-02-16 08:38:42'),
	(212, '7d85dfe7-e584-4b39-8047-92c8e3ed3c5c', 'F', 'F', 'F', 'jamerodexter13@gmail.com', '09123333333', NULL, '2026-02-16 08:46:53'),
	(213, 'ac8a9790-5484-429c-aa07-a9425d733b2f', 'Dexter Jamero', 'Client', 'Bulacan', 'jamerodexter13@gmail.com', '09123333333', NULL, '2026-02-16 10:44:36'),
	(214, 'c506d212-da94-44e9-84ef-a2c50c53954b', 'Dexter Jamero', 'Client', 'Bulacan', 'jamerodexter13@gmail.com', '09123333333', NULL, '2026-02-18 02:29:38'),
	(215, '097e239b-a203-473d-a134-0c74db371ddb', 'Test', 'Test', 'Test', 'dexterjamero@beesee.ph', '09657666666', NULL, '2026-02-18 02:56:41'),
	(216, '7a800798-1bc6-4f18-8faa-8479032d8e86', 'Test 2', 'Test 2', 'Test 2', 'jsmrto@gmail.com', '09564765756', NULL, '2026-02-18 03:21:42'),
	(217, 'b090b275-e98a-4305-b6bd-4285f58f8505', 'Test 3', 'Test 3', ' Test 3', 'jsmrto@gmail.com', '09564765756', NULL, '2026-02-18 03:22:29'),
	(218, 'ef89fc2f-ad00-4b68-b26f-c4ae679d229c', 'Dexter Jamero', 'Client', 'Bulacan', 'jamerodexter13@gmail.com', '09123333333', NULL, '2026-02-18 08:07:46'),
	(219, '305fafb6-6d0e-4965-8a5f-b8688f4b1aa2', 'Dexter Jamero', 'Client', 'Bulacan', 'jamerodexter13@gmail.com', '09123333333', NULL, '2026-02-19 02:40:54'),
	(220, '71d9b6c9-9838-4973-a1a0-597816ad80e0', 'Dexter ', 'Test', 'Qew', 'jamerodexter13@gmail.com', '09123333333', NULL, '2026-02-24 03:58:53'),
	(221, '8a72c687-7c4b-4787-ab8c-4e571a6d73ce', 'Ts', 'Te', 'Te', 'jamerodexter13@gmail.com', '09456344444', 'Eq', '2026-02-25 09:42:25'),
	(222, '2c88812f-b744-4e0e-95cd-c26189ebb94b', 'Dexter Jamero', 'Client', 'Bulacan', 'jamerodexter13@gmail.com', '09123333333', 'Dsa', '2026-02-27 07:49:27'),
	(223, 'ef1cc54f-c593-4da0-aa70-89ab93edf618', 'Dexter Jamero', 'Client', 'Bulacan', 'jamerodexter13@gmail.com', '09123333333', 'South Triangle, Quezon City Sfdaggsdf', '2026-02-27 08:40:07'),
	(224, '00d96a9f-8217-415a-86b6-62a9ed3c36da', 'Dexter Jamero', 'Client', 'Bulacan', 'jamerodexter13@gmail.com', '09123333333', 'Dsa', '2026-03-02 03:46:12'),
	(225, '665f54cc-755c-4ef7-b23d-808f665e114d', 'Dexter Jamero', 'Client', 'Bulacan', 'jamerodexter13@gmail.com', '09123333333', 'Ddsa', '2026-03-03 02:59:17'),
	(226, 'ef6f0513-2b9a-40ef-bb08-92140dd89311', 'Test1 ', 'Test', 'Test', 'jamerodexter13@gmail.com', '09123333333', 'Das', '2026-03-04 07:30:54'),
	(227, '65553057-9d20-4150-81e2-1cb203ed5666', 'Test2', 'Test', 'Test', 'jamerodexter13@gmail.com', '09123333333', 'Asd', '2026-03-04 07:32:20'),
	(228, '6564ffc4-3925-4ea9-b33f-2b070198c5f0', 'Test', 'Mdc', 'Pasig', 'marketinga@beesee.ph', '09213333333', 'Das', '2026-03-10 03:45:13'),
	(229, 'af920336-28ef-4ffa-a0fe-f71112b7e1ee', 'Awa', 'Awa', 'Awa', 'jamerodexter13@gmail.com', '09321111111', 'A', '2026-03-11 07:46:35'),
	(230, '1e8849e0-243a-4559-823a-2fcd68f9c521', 'John Ramirez', 'Rfgs Solutions Inc.', 'Quezon City', 'jamerodexter13@gmail.com', '09123333333', 'Quezon City', '2026-03-12 02:25:58'),
	(231, '5eaf0361-cdc8-43e4-9f43-f4789b97a635', 'John Ramirez', 'Rfgs Solutions Inc.', 'Quezon City', 'jamerodexter13@gmail.com', '09123333333', 'Dsa', '2026-03-16 05:47:10'),
	(232, '6e154693-1604-4ea3-ba38-1375212290fe', 'John Ramirezz', 'Rfgs Solutions Inc.', 'Quezon City', 'jamerodexter13@gmail.com', '09123333333', 'South Triangle, Quezon City', '2026-03-16 05:49:33'),
	(233, 'e4caf2fd-ff00-4104-b7a5-bbb2a31e40a3', 'Dexter Jamero', 'Rfgs Solutions Inc.', 'Quezon City', 'dexterjamero@beesee.ph', '09123333333', 'Asd', '2026-03-16 05:56:17');

-- Dumping structure for table ticketing-system.faqs
CREATE TABLE IF NOT EXISTS `faqs` (
  `id` int NOT NULL AUTO_INCREMENT,
  `pid` char(50) DEFAULT NULL,
  `title` varchar(50) DEFAULT NULL,
  `explanation` longtext NOT NULL,
  `issue_id` int DEFAULT NULL,
  `products_id` int DEFAULT NULL,
  `is_all_devices` tinyint DEFAULT NULL,
  `categories_id` int DEFAULT NULL,
  `is_deleted` tinyint DEFAULT '0',
  `created_at` timestamp NULL DEFAULT NULL,
  `updated_at` timestamp NULL DEFAULT NULL,
  PRIMARY KEY (`id`),
  KEY `FK_faqs_categories` (`categories_id`),
  KEY `issue_id` (`issue_id`),
  KEY `FK_faqs_products` (`products_id`) USING BTREE,
  CONSTRAINT `FK_faqs_categories` FOREIGN KEY (`categories_id`) REFERENCES `categories` (`id`) ON DELETE CASCADE ON UPDATE CASCADE,
  CONSTRAINT `FK_faqs_issues` FOREIGN KEY (`issue_id`) REFERENCES `issues` (`id`) ON DELETE CASCADE ON UPDATE CASCADE
) ENGINE=InnoDB AUTO_INCREMENT=70 DEFAULT CHARSET=utf8mb4 COLLATE=utf8mb4_0900_ai_ci;

-- Dumping data for table ticketing-system.faqs: ~6 rows (approximately)
INSERT INTO `faqs` (`id`, `pid`, `title`, `explanation`, `issue_id`, `products_id`, `is_all_devices`, `categories_id`, `is_deleted`, `created_at`, `updated_at`) VALUES
	(51, 'bf7b4b63-758e-4581-ab73-a6afff200b0f', 'Wi-fi or Network Not Connecting', '<b>Possible Causes:&nbsp;</b><div><ul style="list-style-type: disc; padding-left: 40px;"><li>Weak signal</li><li>Incorrect network settings&nbsp;</li><li>Software issue&nbsp;</li></ul><b>Basic Troubleshooting:</b>&nbsp;</div><div><ul style="list-style-type: disc; padding-left: 40px;"><li>Restart router and smart panel&nbsp;</li><li>Reconnect to Wi-Fi\nUse a LAN cable to test network&nbsp;</li><li>Reset Wi-fi module&nbsp;</li></ul></div>', NULL, NULL, 1, 7, 0, '2026-02-18 02:17:54', NULL),
	(52, '07266328-e9f7-42fa-a453-880a1040f7a0', 'Panel Won’t Power On', 'Check the main switch of the interactive smart panel is turned on Check the power cable and outlet Try a different power source Press and hold the power button for 10 seconds', NULL, NULL, 1, 7, 0, '2026-02-18 02:18:13', NULL),
	(53, '8310838c-d115-4b8b-8b28-7ffd4edc0ceb', 'Android System Freezes or Crashes', '<b>Possible Causes:&nbsp;</b><div><ul style="list-style-type: disc; padding-left: 40px;"><li>Low memory&nbsp;</li><li>Too many running apps&nbsp;</li><li>Outdated firmware&nbsp;</li></ul></div><div><b>Basic Troubleshooting:&nbsp;</b></div><div><ul style="list-style-type: disc; padding-left: 40px;"><li>Close unused apps&nbsp;</li><li>Restart the panel&nbsp;</li><li>Update system firmware&nbsp;</li></ul></div>', NULL, NULL, 1, 7, 0, '2026-02-18 02:18:51', NULL),
	(54, 'be073582-7903-482a-b76c-e1755c7e7b25', 'OPS PC Not Detected', '<b>Possible Causes:&nbsp;</b><div><ul style="list-style-type: disc; padding-left: 40px;"><li>OPS module not properly inserted&nbsp;</li><li>BIOS or driver issue&nbsp;</li><li>Power issue&nbsp;</li></ul></div><div><b>Basic Troubleshooting:&nbsp;</b></div><div><ul style="list-style-type: disc; padding-left: 40px;"><li>Reinsert the OPS module, then restart&nbsp;</li></ul></div>', NULL, NULL, 1, 7, 0, '2026-02-18 02:19:35', NULL),
	(55, '6e626dbc-5b3d-4d59-9ffe-c91a3ae6571a', 'Why is my Tablet slow?', '<ul style="list-style-type: disc; padding-left: 40px;"><li>Close unnecessary apps Restart the laptop&nbsp;</li><li>Update software and clear temporary files</li></ul>', NULL, NULL, 1, 24, 0, '2026-02-18 02:20:04', NULL),
	(57, '3f34dba8-caa4-4d8c-a021-12b64b5e9b90', 'No Touch / Ghost Touch', 'None', 74, 35, NULL, 7, 0, '2026-02-18 07:57:18', NULL);

-- Dumping structure for table ticketing-system.inquiries
CREATE TABLE IF NOT EXISTS `inquiries` (
  `id` int NOT NULL AUTO_INCREMENT,
  `pid` char(50) DEFAULT NULL,
  `name` varchar(50) DEFAULT NULL,
  `email` varchar(50) DEFAULT NULL,
  `company` varchar(50) DEFAULT NULL,
  `position` varchar(50) DEFAULT NULL,
  `contact_number` varchar(50) DEFAULT NULL,
  `status` enum('Unsettled','Settled','Closed') CHARACTER SET utf8mb4 COLLATE utf8mb4_0900_ai_ci DEFAULT NULL,
  `created_at` timestamp NULL DEFAULT NULL,
  PRIMARY KEY (`id`)
) ENGINE=InnoDB AUTO_INCREMENT=44 DEFAULT CHARSET=utf8mb4 COLLATE=utf8mb4_0900_ai_ci;

-- Dumping data for table ticketing-system.inquiries: ~6 rows (approximately)
INSERT INTO `inquiries` (`id`, `pid`, `name`, `email`, `company`, `position`, `contact_number`, `status`, `created_at`) VALUES
	(21, 'befef18b-ee6d-40cb-8f40-5f094f897ce2', 'Maria Santos', 'maria.santos@techwave.ph', 'TechWave Philippines', 'Procurement Officer', '09123331246', 'Settled', '2025-12-23 02:03:32'),
	(22, '02ffe8d6-2dbb-45e1-bc61-c7a9da563f62', 'Kevin Lim', 'kevin.lim@digitalspark.com', 'Digital Spark Co.', 'Operations Supervisor', '09934746723', 'Closed', '2025-12-23 07:53:23'),
	(23, '281e450f-d432-4b3b-a01d-c42cbaec92b0', 'Angela Cruz', 'angela.cruz@primeholdings.ph', 'Prime Holdings Corp.', 'Admin Officer', '09999999999', 'Closed', '2025-12-23 08:07:16'),
	(25, '710d7ce1-1030-4114-847b-3916dfa38677', 'Sophia Reyes', 'jamerodexter13@gmail.com', 'NorthStar Trading', 'Purchasing Manager', '09123123122', 'Closed', '2025-12-23 08:24:36'),
	(42, '38e6898d-599b-4e70-92bb-6a01cf9b9c4a', 'Dexter Jamero', 'dexterjamerro@beesee.ph', 'Client', 'Cio', '09123333333', 'Unsettled', '2026-03-10 03:44:29'),
	(43, '80ca5962-5a06-441a-a453-45a985365c3b', 'John Ramirez', 'jamerodexter13@gmail.com', 'RFGS Solutions Inc.', 'Cio', '09123333333', 'Unsettled', '2026-03-12 02:20:55');

-- Dumping structure for table ticketing-system.inquiries_reply
CREATE TABLE IF NOT EXISTS `inquiries_reply` (
  `id` int NOT NULL AUTO_INCREMENT,
  `user_role` varchar(50) NOT NULL DEFAULT '0',
  `sender_name` varchar(50) NOT NULL DEFAULT '0',
  `subject` varchar(50) DEFAULT NULL,
  `message_body` longtext CHARACTER SET utf8mb4 COLLATE utf8mb4_0900_ai_ci,
  `is_inbound` tinyint DEFAULT NULL,
  `inquiries_id` int DEFAULT NULL,
  `created_at` timestamp NULL DEFAULT NULL,
  PRIMARY KEY (`id`),
  KEY `FK_inquiries_reply_inquiries` (`inquiries_id`),
  CONSTRAINT `FK_inquiries_reply_inquiries` FOREIGN KEY (`inquiries_id`) REFERENCES `inquiries` (`id`) ON DELETE CASCADE ON UPDATE CASCADE
) ENGINE=InnoDB AUTO_INCREMENT=104 DEFAULT CHARSET=utf8mb4 COLLATE=utf8mb4_0900_ai_ci;

-- Dumping data for table ticketing-system.inquiries_reply: ~12 rows (approximately)
INSERT INTO `inquiries_reply` (`id`, `user_role`, `sender_name`, `subject`, `message_body`, `is_inbound`, `inquiries_id`, `created_at`) VALUES
	(39, 'Customer', 'Maria Santos', 'Server Warranty and Support', 'I would like to ask about the warranty period and support coverage for your enterprise servers.', 1, 21, '2025-12-23 02:03:32'),
	(42, 'Customer', 'Kevin Lim', 'Product Compatibility Question', 'Are your barcode scanners compatible with Windows 11 and existing POS systems?', 1, 22, '2025-12-23 07:53:23'),
	(43, 'Customer', 'Quotation Request for Printers', 'Quotation Request for Smart watches', 'Please send us a quotation for 5 multi-function Smart watches  .', 1, 23, '2025-12-23 08:07:16'),
	(45, 'Customer', 'Sophia Reyes', 'Delivery Timeline and Availability', 'What is the estimated delivery timeline for networking equipment, and are the items currently in stock?', 1, 25, '2025-12-23 08:24:36'),
	(46, 'Admin', 'John Doe', 'Delivery Timeline and Availability', 'Thank you for reaching out and for your interest in our networking equipment.\n\nWe are pleased to inform you that most of our standard networking items are currently in stock. For in-stock items, the estimated delivery timeline is typically 3–5 business days within Metro Manila and 5–7 business days for provincial areas, depending on the delivery location and logistics schedule.\n\nIf you have specific models or quantities in mind, please let us know so we can confirm availability and provide a more accurate delivery schedule. We would also be happy to prepare a formal quotation upon request.\n\nShould you have any further questions, feel free to contact us. We look forward to assisting you.\n\nBest regards,', 0, 25, '2025-12-23 08:25:36'),
	(50, 'Admin', 'John Doe', 'Server Warranty and Support', 'Thank you for your inquiry regarding our enterprise servers.\r\n\r\nOur enterprise servers come with a standard 3-year hardware warranty, which includes parts replacement and on-site support. In addition, we provide technical support during business hours, covering system diagnostics, troubleshooting, and configuration assistance.\r\n\r\nFor clients requiring extended coverage, we also offer optional support packages, such as 24/7 technical support, next-business-day or same-day on-site service, and extended warranty plans beyond the standard period.\r\n\r\nPlease let us know if you would like detailed documentation or a customized support plan based on your requirements. We would be happy to assist you further.\r\n\r\nBest regards,', 0, 21, '2026-01-05 05:59:06'),
	(51, 'Admin', 'John Doe', 'Product Compatibility Question', 'Thank you for your inquiry.\r\n\r\nYes, our barcode scanners are fully compatible with Windows 11. They support standard HID keyboard emulation and USB connectivity, which means they should work seamlessly with most systems that accept keyboard input.\r\n\r\nRegarding POS integration, our scanners are compatible with a wide range of popular POS software platforms. However, compatibility can vary depending on the specific software you’re using. To ensure full integration with your current POS system, could you please confirm the name and version of your POS software?\r\n\r\nOnce we have that information, we can provide more specific guidance and confirm complete compatibility.\r\n\r\nPlease let us know if you have any other questions or if you would like assistance selecting the right model for your setup.\r\n\r\nBest regards,', 0, 22, '2026-01-05 06:02:05'),
	(80, 'Admin', 'John Doe', 'Quotation Request for Smart watches', 'try', 0, 23, '2026-01-14 09:51:29'),
	(81, 'Admin', 'John Doe', 'Quotation Request for Smart watches', 'try', 0, 23, '2026-01-14 09:51:39'),
	(82, 'Admin', 'John Doe', 'Quotation Request for Smart watches', 'try', 0, 23, '2026-01-14 09:51:56'),
	(102, 'Customer', 'Dexter Jamero', 'Das', 'Da', 1, 42, '2026-03-10 03:44:29'),
	(103, 'Customer', 'John Ramirez', 'Smart Tv', 'May I kindly ask how much the movable TV stand costs? Also, could you please inform me when there is stock available again?', 1, 43, '2026-03-12 02:20:55');

-- Dumping structure for table ticketing-system.inquiries_reply_attachment
CREATE TABLE IF NOT EXISTS `inquiries_reply_attachment` (
  `id` int NOT NULL AUTO_INCREMENT,
  `inquiries_reply_id` int DEFAULT NULL,
  `file_name` longtext CHARACTER SET utf8mb4 COLLATE utf8mb4_0900_ai_ci,
  `file_size` bigint DEFAULT NULL,
  `file_type` longtext CHARACTER SET utf8mb4 COLLATE utf8mb4_0900_ai_ci,
  `attachment_url` longtext,
  `created_at` timestamp NULL DEFAULT NULL,
  PRIMARY KEY (`id`),
  KEY `FK_inquiries_reply_attachment_inquiries_reply` (`inquiries_reply_id`),
  CONSTRAINT `FK_inquiries_reply_attachment_inquiries_reply` FOREIGN KEY (`inquiries_reply_id`) REFERENCES `inquiries_reply` (`id`) ON DELETE CASCADE ON UPDATE CASCADE
) ENGINE=InnoDB AUTO_INCREMENT=52 DEFAULT CHARSET=utf8mb4 COLLATE=utf8mb4_0900_ai_ci;

-- Dumping data for table ticketing-system.inquiries_reply_attachment: ~0 rows (approximately)

-- Dumping structure for table ticketing-system.issues
CREATE TABLE IF NOT EXISTS `issues` (
  `id` int NOT NULL AUTO_INCREMENT,
  `pid` char(50) DEFAULT NULL,
  `name` varchar(50) DEFAULT NULL,
  `categories_id` int DEFAULT NULL,
  `product_id` int DEFAULT NULL,
  `possible_solutions` longtext,
  `is_publish` tinyint DEFAULT NULL,
  `is_deleted` tinyint DEFAULT '0',
  `created_at` timestamp NULL DEFAULT NULL,
  `updated_at` timestamp NULL DEFAULT NULL,
  PRIMARY KEY (`id`),
  KEY `FK_issues_categories` (`categories_id`),
  KEY `FK_issues_products` (`product_id`),
  CONSTRAINT `FK_issues_categories` FOREIGN KEY (`categories_id`) REFERENCES `categories` (`id`) ON DELETE CASCADE ON UPDATE CASCADE,
  CONSTRAINT `FK_issues_products` FOREIGN KEY (`product_id`) REFERENCES `products` (`id`) ON DELETE CASCADE ON UPDATE CASCADE
) ENGINE=InnoDB AUTO_INCREMENT=102 DEFAULT CHARSET=utf8mb4 COLLATE=utf8mb4_0900_ai_ci;

-- Dumping data for table ticketing-system.issues: ~47 rows (approximately)
INSERT INTO `issues` (`id`, `pid`, `name`, `categories_id`, `product_id`, `possible_solutions`, `is_publish`, `is_deleted`, `created_at`, `updated_at`) VALUES
	(54, 'ecd019eb-4aa2-4172-8f03-dbcd6a7e59bf', 'Blue Screen', 7, 29, '<ol><li>Restart your PC </li></ol><ul><li>Sometimes temporary glitch lang. </li></ul><ol start="2"><li>Remove external devices </li></ol><ul><li>USB, external HDD, printer, etc.</li><li>Restart after removing.</li></ul>', 0, 0, '2026-02-18 01:55:45', NULL),
	(55, '35aad918-decf-4730-b2bd-da8a71399495', 'Blue Screen', 7, 35, '<ol><li>Restart your PC </li></ol><ul><li>Sometimes temporary glitch lang. </li></ul><ol start="2"><li>Remove external devices </li></ol><ul><li>USB, external HDD, printer, etc.</li><li>Restart after removing.</li></ul>', 0, 0, '2026-02-18 01:56:03', NULL),
	(56, '83f1df0f-17be-489a-95b4-3a9875ff2922', 'Blue Screen', 7, 30, '<ol><li>Restart your PC </li></ol><ul><li>Sometimes temporary glitch lang. </li></ul><ol start="2"><li>Remove external devices </li></ol><ul><li>USB, external HDD, printer, etc.</li><li>Restart after removing.</li></ul>', 0, 0, '2026-02-18 01:56:21', NULL),
	(57, 'e4d4cd43-f3ba-45a0-9fa3-cf7f94cc483d', 'No Internet Connection', 27, 34, '<p><ol style="list-style-type: decimal; padding-left: 40px;"><li>Restart computer</li><li>Turn off router/modem</li><li>Wait 1–2 minutes</li><li>Turn router on → wait until lights stable</li><li>Connect again&nbsp;</li></ol></p>', 0, 0, '2026-02-18 02:03:09', NULL),
	(58, '43f13d4b-8195-4719-ba9a-9be8cc9119b1', 'Dead pixel', 7, 29, '<p><ol style="list-style-type: decimal; padding-left: 40px;"><li>Turn off monitor</li><li>Use soft cloth</li><li>Gently press area of pixel</li><li>Turn on screen while pressing</li></ol></p>', 0, 0, '2026-02-18 02:04:22', NULL),
	(59, '90c57480-e41d-4fd1-bef3-8659ffc62e31', 'Dead Pixel', 7, 35, '<p><ol style="list-style-type: decimal; padding-left: 40px;"><li>Turn off monitor</li><li>Use soft cloth</li><li>Gently press area of pixel</li><li>Turn on screen while pressing</li></ol></p>', 0, 0, '2026-02-18 02:04:41', NULL),
	(60, 'f4a5f8e5-e66d-49fa-9554-b3c8d29f9405', 'Dead Pixel', 7, 30, '<p><ol style="list-style-type: decimal; padding-left: 40px;"><li>Turn off monitor</li><li>Use soft cloth</li><li>Gently press area of pixel</li><li>Turn on screen while pressing</li></ol></p>', 0, 0, '2026-02-18 02:05:06', NULL),
	(61, 'eddbd5e8-d580-494b-a1ce-0f18c28a8f09', 'Pin Locked', 7, 29, '<p>None</p>', 0, 0, '2026-02-18 02:08:03', NULL),
	(62, '4afc73b3-7444-436a-8072-c502e0882d80', 'Pin Locked', 7, 35, '<p>None</p>', 0, 0, '2026-02-18 02:08:21', NULL),
	(63, '7b92680e-e87a-42f1-bc90-2fb1917325c2', 'Pin Locked', 7, 30, '<p>None</p>', 0, 0, '2026-02-18 02:08:40', NULL),
	(64, 'dd432ebf-bfea-4bd6-b4f1-0625f0c50d61', 'Distorted Display', 7, 29, '<p>None</p>', 0, 0, '2026-02-18 02:09:14', NULL),
	(65, '516c7bf0-9501-4e84-806d-2fee9f9fc785', 'Distorted Display', 7, 35, '<p>None</p>', 0, 0, '2026-02-18 02:09:24', NULL),
	(66, 'f2569365-930f-453a-9f78-339e5b159a7c', 'Distorted Display', 7, 30, '<p>None</p>', 0, 0, '2026-02-18 02:09:36', NULL),
	(67, '2da4cd0e-bdc6-4e8f-bb05-6c7b0877f281', 'Android Not Working', 7, 29, 'None', 0, 0, '2026-02-18 02:14:01', NULL),
	(68, '9d7c76e4-2948-40a0-8a7c-23d133405748', 'Android Not Working', 7, 35, 'None', 0, 0, '2026-02-18 02:14:10', NULL),
	(69, '9108107b-7f8b-4ffe-b080-e01fa5fb6836', 'Android Not Working', 7, 30, 'None', 0, 0, '2026-02-18 02:14:24', NULL),
	(70, '4d108aab-3c7d-4f36-ad18-1b0228800dcb', 'Windows Not Working', 7, 29, 'None', 0, 0, '2026-02-18 02:14:50', NULL),
	(71, '57024e44-3f04-46c1-b33a-1f95e660b545', 'Windows Not Working', 7, 35, 'None', 0, 0, '2026-02-18 02:15:02', NULL),
	(72, '6786e629-2912-4827-bd97-8152b52c530b', 'Windows Not Working', 7, 30, 'None', 0, 0, '2026-02-18 02:15:15', NULL),
	(73, '028bb072-2aca-4e28-a97e-54bc6b4342c5', 'No Touch / Ghost Touch', 7, 29, 'None', 0, 0, '2026-02-18 02:15:40', NULL),
	(74, '6d1dad48-de72-45d8-ae16-afe95acf02d4', 'No Touch / Ghost Touch', 7, 35, 'None', 1, 0, '2026-02-18 02:15:49', '2026-02-18 07:57:18'),
	(75, '62595a4a-b93c-4e84-b35c-59deef2b2df5', 'No Touch / Ghost Touch', 7, 30, 'None', 0, 0, '2026-02-18 02:15:59', NULL),
	(76, 'de455595-33cc-44dc-9d7c-0c1ef7d16ebb', 'Dead Battery', 25, 27, 'None', 0, 0, '2026-02-18 02:16:23', NULL),
	(77, '3ab934de-e441-4809-a2c9-b0c22dcfcf23', 'Not Charging', 25, 27, 'None', 0, 0, '2026-02-18 02:16:34', NULL),
	(78, 'cf92300e-df32-44ab-a71c-cdcab85ef7ec', 'Beep Noise', 25, 27, 'None', 0, 0, '2026-02-18 02:33:38', NULL),
	(79, '13e868cb-41ac-443f-9807-f9be98af158f', 'No Touch / Ghost Touch', 24, 28, 'None', 0, 0, '2026-02-18 02:34:07', NULL),
	(80, '3e85cc48-1f37-4e88-9f80-f63389cdb6dd', 'No Display', 24, 28, 'None', 0, 0, '2026-02-18 02:34:20', NULL),
	(81, 'e2f32837-7f0d-4815-b2a2-d4164dd986fb', 'Black Screen', 24, 28, 'None', 0, 0, '2026-02-18 02:35:07', NULL),
	(82, '26471cd3-31ce-4d5d-aa6d-4804aac7fe3e', 'Not Charging', 24, 28, 'None', 0, 0, '2026-02-18 02:36:07', NULL),
	(83, 'a5663574-0cb5-4d89-be63-546207a46604', 'Android Not Working', 24, 28, 'None', 0, 0, '2026-02-18 02:36:33', NULL),
	(84, '1ea15c6b-86c8-4995-a2de-4558a311d393', 'Battery', 24, 28, 'None', 0, 0, '2026-02-18 02:36:51', NULL),
	(86, 'c6916c6b-9b20-4ea9-a674-855e3fe9a25b', 'No Display', 7, 30, 'None', 0, 0, '2026-02-25 06:53:15', NULL),
	(87, 'e0dccdf1-4130-44d3-96c4-486a2273925d', 'Black Screen', 7, 30, 'None', 0, 0, '2026-02-25 06:53:38', NULL),
	(88, '82a713ec-9123-425b-a121-eb0bffb6c156', 'Split Screen / Dual Screen', 7, 30, 'None', 0, 0, '2026-02-25 06:54:15', NULL),
	(89, '926b6c57-97d9-416a-8b3c-27d45e196fce', 'Port Malfunction', 7, 30, 'None', 0, 0, '2026-02-25 06:54:45', NULL),
	(90, '489371d0-33fc-4abf-bd00-df2328f57838', 'Brokenn Screen', 7, 30, '<b>None</b>', 0, 0, '2026-02-25 06:55:09', '2026-03-10 02:23:43'),
	(91, '3f31ed33-a813-42cd-9e20-7650b96fdfe1', 'Techniciand', 27, 34, 'dsa', 0, 1, '2026-03-02 09:47:06', '2026-03-02 09:48:49'),
	(92, 'c57c0b60-d964-42a5-9833-a72b23e73db3', 'Dasds', 7, 29, 'dasd', 0, 0, '2026-03-09 06:57:11', '2026-03-09 09:58:40'),
	(93, 'e73994e6-eccd-4c63-ad32-6f430178bd0f', 'Dasds', 7, 35, 'dasd', 0, 0, '2026-03-09 06:57:12', '2026-03-09 09:58:40'),
	(94, '9a9a8328-5cbb-43cc-9a0e-df9e741b424e', 'Dasds', 7, 30, 'dasd', 0, 0, '2026-03-09 06:57:12', '2026-03-09 09:58:40'),
	(95, '4ff17fe8-03fb-4469-8c92-b8db8e1f80b8', 'Brokenn Screen', 7, 35, '<b>None</b>', 0, 0, '2026-03-09 10:02:46', '2026-03-10 02:23:43'),
	(96, 'f8b6a422-2c96-42a4-a970-66023248819e', 'Brokenn Screen', 7, 29, '<b>None</b>', 0, 0, '2026-03-09 10:02:46', '2026-03-10 02:23:43'),
	(97, '0935bbf4-c287-4766-91a1-d2b25b596238', 'Test', 7, 29, 'test', 0, 0, '2026-03-10 02:41:04', NULL),
	(98, '3213d1b2-7335-40b3-81c1-5ef412ade1ef', 'Test', 7, 35, 'test', 0, 0, '2026-03-10 02:41:04', NULL),
	(99, '9d3bfdae-5c87-4709-af2f-474093b71663', 'Test', 7, 30, 'test', 0, 0, '2026-03-10 02:41:04', NULL),
	(100, 'b8612d1d-8bd2-477c-bb69-66283861d97c', 'F', 7, 29, 'f', 0, 1, '2026-03-10 04:59:24', '2026-03-10 05:01:49'),
	(101, 'b207e533-b7bc-46f7-adfb-3893dfed380a', 'F', 7, 35, 'f', 0, 1, '2026-03-10 04:59:24', '2026-03-10 05:01:49');

-- Dumping structure for table ticketing-system.notifications
CREATE TABLE IF NOT EXISTS `notifications` (
  `id` int NOT NULL AUTO_INCREMENT,
  `pid` char(50) NOT NULL DEFAULT '0',
  `type` enum('inquiries','job-order') DEFAULT NULL,
  `is_read` tinyint NOT NULL DEFAULT (0),
  `created_at` timestamp NULL DEFAULT NULL,
  PRIMARY KEY (`id`)
) ENGINE=InnoDB AUTO_INCREMENT=21 DEFAULT CHARSET=utf8mb4 COLLATE=utf8mb4_0900_ai_ci;

-- Dumping data for table ticketing-system.notifications: ~17 rows (approximately)
INSERT INTO `notifications` (`id`, `pid`, `type`, `is_read`, `created_at`) VALUES
	(1, '02ffe8d6-2dbb-45e1-bc61-c7a9da563f62', 'inquiries', 0, '2025-12-23 07:53:23'),
	(2, '281e450f-d432-4b3b-a01d-c42cbaec92b0', 'inquiries', 0, '2025-12-23 08:07:16'),
	(3, 'ad93810c-4be6-44b4-a306-62f71566be83', 'inquiries', 0, '2025-12-23 08:14:02'),
	(4, '710d7ce1-1030-4114-847b-3916dfa38677', 'inquiries', 0, '2025-12-23 08:24:36'),
	(5, '70d568ae-aced-4bcb-b364-342e04dec3cd', 'inquiries', 0, '2026-01-05 02:17:14'),
	(6, '22e4d887-57c9-483a-af7b-b0399a4d9952', 'inquiries', 0, '2026-01-06 11:01:05'),
	(7, '8bf2a11c-a16a-47b7-95ed-abbdbca3b4f7', 'inquiries', 0, '2026-01-06 12:18:10'),
	(8, 'a01af832-9e47-4b61-905f-30d1a8ee25c4', 'inquiries', 0, '2026-01-07 11:41:23'),
	(9, 'fbf89b79-a62c-49e7-91d6-85047632b1a0', 'inquiries', 0, '2026-01-08 01:59:40'),
	(10, '3bdde032-2a04-4bbb-a7b7-73481eab6760', 'inquiries', 0, '2026-01-08 03:00:17'),
	(11, '7da7e0f8-6d10-488a-805d-eeb8199c24e0', 'inquiries', 0, '2026-01-08 08:51:08'),
	(12, '3c29c94e-8230-4362-ba19-f2b789defe16', 'inquiries', 0, '2026-01-12 01:53:01'),
	(13, '6670a985-fda8-4a81-bc9c-b0fb798f1704', 'inquiries', 0, '2026-01-13 04:44:08'),
	(14, '65339825-6d26-42f2-9f77-e1ae8686113b', 'inquiries', 0, '2026-01-13 04:45:14'),
	(15, 'd561bc3c-4bbe-4201-98e9-c81c7d15b7f5', 'inquiries', 0, '2026-01-13 04:52:52'),
	(16, '39b25c50-50a3-4d18-8bc2-0902cffe7df7', 'inquiries', 0, '2026-01-13 04:53:03'),
	(17, 'f167de80-32a1-4129-9230-13446c7d2715', 'inquiries', 0, '2026-01-13 04:58:34'),
	(18, '83e5e921-4de1-40a0-8918-fd4d2773bb3c', 'inquiries', 0, '2026-01-14 10:13:47'),
	(19, 'f6214a40-e69a-42fe-b3ee-333209ecad55', 'inquiries', 0, '2026-01-14 12:55:08'),
	(20, '9eb8e7f5-0ce3-4a5e-9575-156c4104467e', 'inquiries', 0, '2026-02-06 03:40:14');

-- Dumping structure for table ticketing-system.organizations
CREATE TABLE IF NOT EXISTS `organizations` (
  `id` int NOT NULL AUTO_INCREMENT,
  `pid` char(50) DEFAULT NULL,
  `name` varchar(50) DEFAULT NULL,
  `created_at` timestamp NULL DEFAULT NULL,
  `updated_at` timestamp NULL DEFAULT NULL,
  PRIMARY KEY (`id`)
) ENGINE=InnoDB AUTO_INCREMENT=6 DEFAULT CHARSET=utf8mb4 COLLATE=utf8mb4_0900_ai_ci;

-- Dumping data for table ticketing-system.organizations: ~3 rows (approximately)
INSERT INTO `organizations` (`id`, `pid`, `name`, `created_at`, `updated_at`) VALUES
	(3, '16d8ac8c-06e2-4f4f-a4f5-092af2c40b08', 'Company', '2025-12-04 02:34:55', NULL),
	(4, '126cdb2e-7a05-4f39-bb0f-9dd7f6ebe3ab', 'Other', '2025-12-04 02:35:02', NULL),
	(5, 'a3f6c504-07e8-428c-a3c9-a77db29fe997', 'School', '2025-12-04 02:35:08', '2025-12-04 02:35:15');

-- Dumping structure for table ticketing-system.positions
CREATE TABLE IF NOT EXISTS `positions` (
  `id` int NOT NULL AUTO_INCREMENT,
  `pid` char(50) CHARACTER SET utf8mb4 COLLATE utf8mb4_0900_ai_ci DEFAULT NULL,
  `name` varchar(50) DEFAULT NULL,
  `description` varchar(50) DEFAULT NULL,
  `is_protected` tinyint DEFAULT NULL,
  `permission` varchar(255) CHARACTER SET utf8mb4 COLLATE utf8mb4_0900_ai_ci DEFAULT NULL,
  `is_deleted` tinyint DEFAULT '0',
  `created_at` timestamp NULL DEFAULT NULL,
  `updated_at` timestamp NULL DEFAULT NULL,
  PRIMARY KEY (`id`)
) ENGINE=InnoDB AUTO_INCREMENT=41 DEFAULT CHARSET=utf8mb4 COLLATE=utf8mb4_0900_ai_ci;

-- Dumping data for table ticketing-system.positions: ~6 rows (approximately)
INSERT INTO `positions` (`id`, `pid`, `name`, `description`, `is_protected`, `permission`, `is_deleted`, `created_at`, `updated_at`) VALUES
	(25, '767dfa92-6708-431e-9656-e16bac0ab4aa', 'Super admin', 'Full system access - cannot be modified', 0, NULL, 0, '2026-01-19 01:37:06', '2026-03-09 06:16:33'),
	(26, '6d51110e-e3ba-465a-8053-568a52af7a54', 'Technician', 'Limited Access', 0, NULL, 0, '2026-01-19 01:54:16', '2026-03-18 05:10:55'),
	(37, 'b52df71a-5e22-4171-93a5-0add0a3c2bff', 'test', 'test', 0, NULL, 0, '2026-02-19 06:41:56', '2026-03-02 07:49:41'),
	(38, '7bfc135c-6f5c-46c1-a4e8-03e567e91751', 'a1', '1', 0, NULL, 1, '2026-03-02 07:46:29', '2026-03-02 07:49:21'),
	(39, 'c01fd7e0-49a6-47dc-a2e7-d40f83c95034', 'Technician', 'Limited Access', 0, NULL, 0, '2026-03-04 10:04:25', NULL),
	(40, 'ca821203-a402-4d1f-8001-c1ca930b5d7d', 'Technicianaa', 'Limited Access', 0, NULL, 0, '2026-03-10 03:51:41', '2026-03-10 03:51:56');

-- Dumping structure for table ticketing-system.positions_permissions
CREATE TABLE IF NOT EXISTS `positions_permissions` (
  `id` int NOT NULL AUTO_INCREMENT,
  `position_id` int DEFAULT NULL,
  `parent_id` varchar(50) DEFAULT NULL,
  `children_id` varchar(50) DEFAULT NULL,
  `module_name` varchar(50) CHARACTER SET utf8mb4 COLLATE utf8mb4_0900_ai_ci DEFAULT NULL,
  `module_url` varchar(50) DEFAULT NULL,
  `created_at` timestamp NULL DEFAULT NULL,
  PRIMARY KEY (`id`),
  KEY `FK__positions` (`position_id`),
  CONSTRAINT `FK__positions` FOREIGN KEY (`position_id`) REFERENCES `positions` (`id`) ON DELETE CASCADE ON UPDATE CASCADE
) ENGINE=InnoDB AUTO_INCREMENT=421 DEFAULT CHARSET=utf8mb4 COLLATE=utf8mb4_0900_ai_ci;

-- Dumping data for table ticketing-system.positions_permissions: ~35 rows (approximately)
INSERT INTO `positions_permissions` (`id`, `position_id`, `parent_id`, `children_id`, `module_name`, `module_url`, `created_at`) VALUES
	(232, 38, 'job-order', '', 'Job Order', '/beesee/job-order', '2026-03-02 07:49:21'),
	(233, 37, 'job-order', '', 'Job Order', '/beesee/job-order', '2026-03-02 07:49:41'),
	(234, 37, 'faqs', '', 'Faqs', '/beesee/faqs', '2026-03-02 07:49:41'),
	(235, 37, 'inquiries', '', 'Inquiries', '/beesee/inquiries', '2026-03-02 07:49:41'),
	(236, 37, 'careers', '', 'Careers', '/beesee/job-posting', '2026-03-02 07:49:41'),
	(335, 39, 'job-order', '', 'Job Order', '/beesee/job-order', '2026-03-04 10:04:25'),
	(336, 39, 'faqs', '', 'Faqs', '/beesee/faqs', '2026-03-04 10:04:25'),
	(338, 39, 'inquiries', '', 'Inquiries', '/beesee/inquiries', '2026-03-04 10:04:25'),
	(340, 39, 'careers', '', 'Careers', '/beesee/job-posting', '2026-03-04 10:04:25'),
	(342, 39, 'users', 'list_user', 'Users', '/beesee/users', '2026-03-04 10:04:25'),
	(344, 39, 'users', 'position', 'Position', '/beesee/position', '2026-03-04 10:04:25'),
	(346, 39, 'settings', 'device', 'Device type', '/beesee/device', '2026-03-04 10:04:25'),
	(347, 39, 'settings', 'model', 'Model type', '/beesee/model', '2026-03-04 10:04:25'),
	(348, 39, 'settings', 'issue', 'Issue type', '/beesee/issue', '2026-03-04 10:04:25'),
	(389, 25, 'dashboard', '', 'Dashboard', '/beesee/dashboard', '2026-03-09 06:16:33'),
	(390, 25, 'job-order', '', 'Job Order', '/beesee/job-order', '2026-03-09 06:16:33'),
	(391, 25, 'faqs', '', 'Faqs', '/beesee/faqs', '2026-03-09 06:16:33'),
	(392, 25, 'inquiries', '', 'Inquiries', '/beesee/inquiries', '2026-03-09 06:16:33'),
	(393, 25, 'careers', '', 'Careers', '/beesee/job-posting', '2026-03-09 06:16:33'),
	(394, 25, 'audit-logs', '', 'Audit Logs', '/beesee/audit-logs', '2026-03-09 06:16:33'),
	(395, 25, 'users', 'list_user', 'Users', '/beesee/users', '2026-03-09 06:16:33'),
	(396, 25, 'users', 'position', 'Position', '/beesee/position', '2026-03-09 06:16:33'),
	(397, 25, 'settings', 'device', 'Device type', '/beesee/device', '2026-03-09 06:16:33'),
	(398, 25, 'settings', 'model', 'Model type', '/beesee/model', '2026-03-09 06:16:33'),
	(399, 25, 'settings', 'issue', 'Issue type', '/beesee/issue', '2026-03-09 06:16:33'),
	(410, 40, 'job-order', '', 'Job Order', '/beesee/job-order', '2026-03-10 03:51:56'),
	(411, 26, 'dashboard', '', 'Dashboard', '/beesee/dashboard', '2026-03-18 05:10:55'),
	(412, 26, 'job-order', '', 'Job Order', '/beesee/job-order', '2026-03-18 05:10:55'),
	(413, 26, 'faqs', '', 'Faqs', '/beesee/faqs', '2026-03-18 05:10:55'),
	(414, 26, 'inquiries', '', 'Inquiries', '/beesee/inquiries', '2026-03-18 05:10:55'),
	(415, 26, 'careers', '', 'Careers', '/beesee/job-posting', '2026-03-18 05:10:55'),
	(416, 26, 'users', 'list_user', 'Users', '/beesee/users', '2026-03-18 05:10:55'),
	(417, 26, 'users', 'position', 'Position', '/beesee/position', '2026-03-18 05:10:55'),
	(418, 26, 'settings', 'device', 'Device type', '/beesee/device', '2026-03-18 05:10:55'),
	(419, 26, 'settings', 'model', 'Model type', '/beesee/model', '2026-03-18 05:10:56'),
	(420, 26, 'settings', 'issue', 'Issue type', '/beesee/issue', '2026-03-18 05:10:56');

-- Dumping structure for table ticketing-system.positions_permission_actions
CREATE TABLE IF NOT EXISTS `positions_permission_actions` (
  `id` int NOT NULL AUTO_INCREMENT,
  `position_permission_id` int DEFAULT NULL,
  `action` varchar(50) DEFAULT NULL,
  `created_at` timestamp NULL DEFAULT NULL,
  PRIMARY KEY (`id`),
  KEY `FK_positions_permission_actions_positions_permissions` (`position_permission_id`),
  CONSTRAINT `FK_positions_permission_actions_positions_permissions` FOREIGN KEY (`position_permission_id`) REFERENCES `positions_permissions` (`id`) ON DELETE CASCADE ON UPDATE CASCADE
) ENGINE=InnoDB AUTO_INCREMENT=1359 DEFAULT CHARSET=utf8mb4 COLLATE=utf8mb4_0900_ai_ci;

-- Dumping data for table ticketing-system.positions_permission_actions: ~125 rows (approximately)
INSERT INTO `positions_permission_actions` (`id`, `position_permission_id`, `action`, `created_at`) VALUES
	(697, 232, 'view', '2026-03-02 07:49:21'),
	(698, 233, 'view', '2026-03-02 07:49:41'),
	(699, 233, 'add', '2026-03-02 07:49:41'),
	(700, 233, 'delete', '2026-03-02 07:49:41'),
	(701, 234, 'view', '2026-03-02 07:49:41'),
	(702, 234, 'add', '2026-03-02 07:49:41'),
	(703, 234, 'edit', '2026-03-02 07:49:41'),
	(704, 234, 'delete', '2026-03-02 07:49:41'),
	(705, 235, 'view', '2026-03-02 07:49:41'),
	(706, 235, 'delete', '2026-03-02 07:49:41'),
	(707, 236, 'view', '2026-03-02 07:49:41'),
	(708, 236, 'add', '2026-03-02 07:49:41'),
	(709, 236, 'edit', '2026-03-02 07:49:41'),
	(710, 236, 'delete', '2026-03-02 07:49:41'),
	(1041, 335, 'view', '2026-03-04 10:04:25'),
	(1043, 335, 'add', '2026-03-04 10:04:25'),
	(1045, 335, 'delete', '2026-03-04 10:04:25'),
	(1047, 336, 'view', '2026-03-04 10:04:25'),
	(1049, 336, 'add', '2026-03-04 10:04:25'),
	(1051, 336, 'edit', '2026-03-04 10:04:25'),
	(1053, 336, 'delete', '2026-03-04 10:04:25'),
	(1055, 338, 'view', '2026-03-04 10:04:25'),
	(1057, 338, 'add', '2026-03-04 10:04:25'),
	(1059, 338, 'edit', '2026-03-04 10:04:25'),
	(1061, 338, 'delete', '2026-03-04 10:04:25'),
	(1063, 340, 'view', '2026-03-04 10:04:25'),
	(1065, 340, 'add', '2026-03-04 10:04:25'),
	(1067, 340, 'edit', '2026-03-04 10:04:25'),
	(1069, 340, 'delete', '2026-03-04 10:04:25'),
	(1071, 342, 'view', '2026-03-04 10:04:25'),
	(1073, 342, 'add', '2026-03-04 10:04:25'),
	(1075, 342, 'edit', '2026-03-04 10:04:25'),
	(1077, 342, 'delete', '2026-03-04 10:04:25'),
	(1079, 344, 'view', '2026-03-04 10:04:25'),
	(1081, 344, 'add', '2026-03-04 10:04:25'),
	(1083, 344, 'edit', '2026-03-04 10:04:25'),
	(1085, 344, 'delete', '2026-03-04 10:04:25'),
	(1087, 346, 'view', '2026-03-04 10:04:25'),
	(1088, 346, 'add', '2026-03-04 10:04:25'),
	(1089, 346, 'edit', '2026-03-04 10:04:25'),
	(1090, 346, 'delete', '2026-03-04 10:04:25'),
	(1091, 347, 'view', '2026-03-04 10:04:25'),
	(1092, 347, 'delete', '2026-03-04 10:04:25'),
	(1093, 347, 'edit', '2026-03-04 10:04:25'),
	(1094, 347, 'add', '2026-03-04 10:04:25'),
	(1095, 348, 'view', '2026-03-04 10:04:25'),
	(1096, 348, 'add', '2026-03-04 10:04:25'),
	(1097, 348, 'edit', '2026-03-04 10:04:25'),
	(1098, 348, 'delete', '2026-03-04 10:04:25'),
	(1245, 389, '', '2026-03-09 06:16:33'),
	(1246, 390, 'view', '2026-03-09 06:16:33'),
	(1247, 390, 'add', '2026-03-09 06:16:33'),
	(1248, 390, 'delete', '2026-03-09 06:16:33'),
	(1249, 390, 'close_job_order', '2026-03-09 06:16:33'),
	(1250, 391, 'view', '2026-03-09 06:16:33'),
	(1251, 391, 'add', '2026-03-09 06:16:33'),
	(1252, 391, 'edit', '2026-03-09 06:16:33'),
	(1253, 391, 'delete', '2026-03-09 06:16:33'),
	(1254, 392, 'view', '2026-03-09 06:16:33'),
	(1255, 392, 'closed inquiries', '2026-03-09 06:16:33'),
	(1256, 392, 'closed_inquiries', '2026-03-09 06:16:33'),
	(1257, 392, 'delete', '2026-03-09 06:16:33'),
	(1258, 393, 'view', '2026-03-09 06:16:33'),
	(1259, 393, 'add', '2026-03-09 06:16:33'),
	(1260, 393, 'edit', '2026-03-09 06:16:33'),
	(1261, 393, 'delete', '2026-03-09 06:16:33'),
	(1262, 394, 'view', '2026-03-09 06:16:33'),
	(1263, 395, 'view', '2026-03-09 06:16:33'),
	(1264, 395, 'edit', '2026-03-09 06:16:33'),
	(1265, 395, 'add', '2026-03-09 06:16:33'),
	(1266, 395, 'delete', '2026-03-09 06:16:33'),
	(1267, 396, 'view', '2026-03-09 06:16:33'),
	(1268, 396, 'add', '2026-03-09 06:16:33'),
	(1269, 396, 'edit', '2026-03-09 06:16:33'),
	(1270, 396, 'delete', '2026-03-09 06:16:33'),
	(1271, 397, 'view', '2026-03-09 06:16:33'),
	(1272, 397, 'add', '2026-03-09 06:16:33'),
	(1273, 397, 'edit', '2026-03-09 06:16:33'),
	(1274, 397, 'delete', '2026-03-09 06:16:33'),
	(1275, 398, 'view', '2026-03-09 06:16:33'),
	(1276, 398, 'add', '2026-03-09 06:16:33'),
	(1277, 398, 'edit', '2026-03-09 06:16:33'),
	(1278, 398, 'delete', '2026-03-09 06:16:33'),
	(1279, 399, 'view', '2026-03-09 06:16:33'),
	(1280, 399, 'add', '2026-03-09 06:16:33'),
	(1281, 399, 'edit', '2026-03-09 06:16:33'),
	(1282, 399, 'delete', '2026-03-09 06:16:33'),
	(1321, 410, 'view', '2026-03-10 03:51:56'),
	(1322, 411, '', '2026-03-18 05:10:55'),
	(1323, 412, 'view', '2026-03-18 05:10:55'),
	(1324, 412, 'add', '2026-03-18 05:10:55'),
	(1325, 412, 'delete', '2026-03-18 05:10:55'),
	(1326, 413, 'view', '2026-03-18 05:10:55'),
	(1327, 413, 'add', '2026-03-18 05:10:55'),
	(1328, 413, 'edit', '2026-03-18 05:10:55'),
	(1329, 413, 'delete', '2026-03-18 05:10:55'),
	(1330, 414, 'view', '2026-03-18 05:10:55'),
	(1331, 414, 'add', '2026-03-18 05:10:55'),
	(1332, 414, 'edit', '2026-03-18 05:10:55'),
	(1333, 414, 'delete', '2026-03-18 05:10:55'),
	(1334, 414, 'closed_inquiries', '2026-03-18 05:10:55'),
	(1335, 415, 'view', '2026-03-18 05:10:55'),
	(1336, 415, 'add', '2026-03-18 05:10:55'),
	(1337, 415, 'edit', '2026-03-18 05:10:55'),
	(1338, 415, 'delete', '2026-03-18 05:10:55'),
	(1339, 416, 'view', '2026-03-18 05:10:55'),
	(1340, 416, 'add', '2026-03-18 05:10:55'),
	(1341, 416, 'edit', '2026-03-18 05:10:55'),
	(1342, 416, 'delete', '2026-03-18 05:10:55'),
	(1343, 417, 'view', '2026-03-18 05:10:55'),
	(1344, 417, 'add', '2026-03-18 05:10:55'),
	(1345, 417, 'edit', '2026-03-18 05:10:55'),
	(1346, 417, 'delete', '2026-03-18 05:10:55'),
	(1347, 418, 'view', '2026-03-18 05:10:55'),
	(1348, 418, 'add', '2026-03-18 05:10:55'),
	(1349, 418, 'edit', '2026-03-18 05:10:56'),
	(1350, 418, 'delete', '2026-03-18 05:10:56'),
	(1351, 419, 'view', '2026-03-18 05:10:56'),
	(1352, 419, 'delete', '2026-03-18 05:10:56'),
	(1353, 419, 'edit', '2026-03-18 05:10:56'),
	(1354, 419, 'add', '2026-03-18 05:10:56'),
	(1355, 420, 'view', '2026-03-18 05:10:56'),
	(1356, 420, 'add', '2026-03-18 05:10:56'),
	(1357, 420, 'edit', '2026-03-18 05:10:56'),
	(1358, 420, 'delete', '2026-03-18 05:10:56');

-- Dumping structure for table ticketing-system.products
CREATE TABLE IF NOT EXISTS `products` (
  `id` int NOT NULL AUTO_INCREMENT,
  `pid` char(50) DEFAULT NULL,
  `name` varchar(50) DEFAULT NULL,
  `categories_id` int DEFAULT NULL,
  `is_deleted` tinyint DEFAULT '0',
  `created_at` timestamp NULL DEFAULT NULL,
  `updated_at` timestamp NULL DEFAULT NULL,
  PRIMARY KEY (`id`),
  KEY `FK__categories` (`categories_id`) USING BTREE,
  CONSTRAINT `FK__categories` FOREIGN KEY (`categories_id`) REFERENCES `categories` (`id`) ON DELETE CASCADE ON UPDATE CASCADE
) ENGINE=InnoDB AUTO_INCREMENT=42 DEFAULT CHARSET=utf8mb4 COLLATE=utf8mb4_0900_ai_ci;

-- Dumping data for table ticketing-system.products: ~12 rows (approximately)
INSERT INTO `products` (`id`, `pid`, `name`, `categories_id`, `is_deleted`, `created_at`, `updated_at`) VALUES
	(27, '5c571861-f81a-423b-9c93-7eb32442e38f', 'Intex', 25, 1, '2026-02-10 01:40:21', NULL),
	(28, 'eabd79ce-4545-4751-a139-43d7db2a3fc7', 'Beepad 10.1', 24, 1, '2026-02-10 01:40:42', NULL),
	(29, 'dc0cb1a7-7fbd-470a-a64a-e2d8b374d5e6', '105" Educational Tv', 7, 0, '2026-02-10 01:41:19', NULL),
	(30, '20cf8d28-711a-4d46-9c6a-35f28e206253', '86" Educational Tv', 7, 0, '2026-02-10 01:41:39', NULL),
	(34, '224430b2-b52a-4b90-9144-5f4eff3f8143', 'Network', 27, 0, '2026-02-18 01:46:33', NULL),
	(35, 'dcb5f90f-9e32-4147-ad3a-d88290a47e5c', '75" Educational Tv', 7, 0, '2026-02-18 01:47:14', NULL),
	(36, '4fc99219-f8e9-46de-afa9-bc78db1b44f6', 'A', 25, 1, '2026-02-20 06:28:37', NULL),
	(37, 'd635e8db-c809-4a06-899d-2eb5316f5704', '86" Educational Tv', 7, 1, '2026-02-24 03:33:59', NULL),
	(38, '35cd0be8-cd37-4f52-aebf-231fe1380723', 'Dasdasd', 27, 1, '2026-03-02 09:25:19', '2026-03-02 09:28:09'),
	(39, 'ee80f67b-2008-4716-8b48-96cd87f40cea', '86" Educational Tvd', 27, 1, '2026-03-10 04:05:32', '2026-03-10 04:05:37'),
	(40, '3a429ff9-1b40-47d1-b74b-0a7ab79d0afc', 'Adasd', 34, 1, '2026-03-10 04:06:10', NULL),
	(41, '8594581b-6f09-4dfa-ae70-3d3267e193a3', 'Adasd', 27, 1, '2026-03-10 04:58:47', '2026-03-10 05:01:34');

-- Dumping structure for table ticketing-system.tickets
CREATE TABLE IF NOT EXISTS `tickets` (
  `id` int NOT NULL AUTO_INCREMENT,
  `reference_number` char(15) CHARACTER SET utf8mb4 COLLATE utf8mb4_0900_ai_ci DEFAULT NULL,
  `categories_id` int DEFAULT NULL,
  `products_id` int DEFAULT NULL,
  `issues_id` int DEFAULT NULL,
  `customers_id` int DEFAULT NULL,
  `serial_number` char(50) DEFAULT NULL,
  `item_name` longtext CHARACTER SET utf8mb4 COLLATE utf8mb4_0900_ai_ci,
  `is_deleted` tinyint DEFAULT '0',
  `questions` longtext CHARACTER SET utf8mb4 COLLATE utf8mb4_0900_ai_ci,
  `is_closed` tinyint DEFAULT '0',
  `is_read` tinyint DEFAULT '1',
  `status` enum('open','resolved','ongoing') CHARACTER SET utf8mb4 COLLATE utf8mb4_0900_ai_ci DEFAULT NULL,
  `remarks` longtext,
  `created_at` timestamp NULL DEFAULT NULL,
  `date_closed` timestamp NULL DEFAULT NULL,
  `updated_at` timestamp NULL DEFAULT NULL,
  PRIMARY KEY (`id`),
  UNIQUE KEY `reference_number` (`reference_number`),
  KEY `FK_tickets_customers` (`customers_id`) USING BTREE,
  KEY `FK_tickets_categories` (`categories_id`),
  KEY `FK_tickets_products` (`products_id`) USING BTREE,
  KEY `FK_tickets_issues` (`issues_id`),
  CONSTRAINT `FK_tickets_categories` FOREIGN KEY (`categories_id`) REFERENCES `categories` (`id`) ON DELETE CASCADE ON UPDATE CASCADE,
  CONSTRAINT `FK_tickets_customers` FOREIGN KEY (`customers_id`) REFERENCES `customers` (`id`) ON DELETE CASCADE ON UPDATE CASCADE,
  CONSTRAINT `FK_tickets_issues` FOREIGN KEY (`issues_id`) REFERENCES `issues` (`id`) ON DELETE CASCADE ON UPDATE CASCADE
) ENGINE=InnoDB AUTO_INCREMENT=224 DEFAULT CHARSET=utf8mb4 COLLATE=utf8mb4_0900_ai_ci;

-- Dumping data for table ticketing-system.tickets: ~19 rows (approximately)
INSERT INTO `tickets` (`id`, `reference_number`, `categories_id`, `products_id`, `issues_id`, `customers_id`, `serial_number`, `item_name`, `is_deleted`, `questions`, `is_closed`, `is_read`, `status`, `remarks`, `created_at`, `date_closed`, `updated_at`) VALUES
	(204, 'TK-83863', 24, 28, 80, 214, '11111', NULL, 0, 'Testing', 0, 1, 'resolved', NULL, '2026-02-18 02:29:39', NULL, '2026-03-11 09:30:58'),
	(205, 'TK-56345', 25, 27, 78, 215, 'Ter', '', 0, 'Ter', 0, 1, 'resolved', NULL, '2026-02-18 02:56:41', NULL, '2026-03-09 09:13:35'),
	(206, 'TK-43992', 7, 30, NULL, 216, '12312das', '', 0, 'Da', 1, 1, 'open', NULL, '2026-02-18 03:21:42', '2026-03-16 08:17:21', '2026-02-27 07:28:32'),
	(207, 'TK-63946', 7, 35, 65, 217, '12312dafadfsafsaf', NULL, 0, 'Dsadagf', 0, 1, 'resolved', NULL, '2026-02-18 03:22:29', NULL, '2026-02-18 07:36:58'),
	(208, 'TK-93264', 7, 29, 67, 218, '3211', NULL, 0, 'Njmk', 1, 1, 'resolved', NULL, '2026-02-18 08:07:46', NULL, '2026-03-04 09:01:05'),
	(209, 'TK-96091', 24, 28, 80, 219, '', '', 0, 'D', 0, 1, 'resolved', NULL, '2026-02-19 02:40:54', NULL, '2026-02-19 02:40:54'),
	(210, 'TK-39467', 24, 28, 83, 220, NULL, NULL, 0, 'Dasd', 1, 1, 'resolved', NULL, '2026-02-24 03:58:53', NULL, '2026-03-09 06:26:26'),
	(211, 'TK-46881', 7, 29, 58, 221, NULL, NULL, 0, 'Eqw', 0, 1, 'resolved', NULL, '2026-02-25 09:42:25', NULL, '2026-03-04 06:11:28'),
	(212, 'TK-82537', 27, 34, 57, 222, '12312', NULL, 0, 'Das', 0, 1, 'resolved', NULL, '2026-02-27 07:49:28', NULL, '2026-03-04 06:20:25'),
	(213, 'TK-79643', 7, 29, 61, 223, NULL, NULL, 0, 'Aadsd', 1, 1, 'open', 'This job order has been automatically closed due to inactivity for more than 30 days.', '2026-02-27 08:40:07', NULL, '2026-02-27 09:09:25'),
	(214, 'TK-51432', 7, 29, 64, 224, 'Dsadsa', NULL, 0, 'Dsa', 0, 1, 'resolved', NULL, '2026-03-02 03:46:12', NULL, '2026-03-04 06:20:07'),
	(215, 'TK-53303', 7, 29, 73, 225, 'Dasddasdsa', NULL, 0, 'Dsa', 0, 1, 'ongoing', NULL, '2026-03-03 02:59:17', NULL, '2026-03-18 06:06:29'),
	(216, 'TK-67915', 7, 29, 54, 226, '09vjjhvj', NULL, 0, 'Das', 0, 1, 'resolved', NULL, '2026-03-04 07:30:54', NULL, '2026-03-11 07:38:03'),
	(217, 'TK-50790', 7, 29, 58, 227, '3211da', NULL, 0, 'Dsa', 1, 1, 'ongoing', NULL, '2026-03-04 07:32:20', NULL, '2026-03-04 08:02:11'),
	(218, 'TK-24085', 7, 35, 65, 228, 'Asd', '', 0, 'Ds', 1, 1, 'open', 'Test 1', '2026-03-10 03:45:13', NULL, '2026-03-16 03:41:37'),
	(219, 'TK-80998', 7, 29, 97, 229, 'Das', '', 0, 'Re', 0, 1, 'ongoing', NULL, '2026-03-11 07:46:35', NULL, '2026-03-19 03:35:37'),
	(220, 'TK-99533', 7, 29, 67, 230, 'DOS123124', NULL, 0, 'My Wifi Does Not Working', 0, 1, 'ongoing', 'Ayaw jd', '2026-03-12 02:25:58', NULL, '2026-03-18 00:57:06'),
	(222, 'TK-61383', 7, 35, 59, 232, '12312dafadfsafsaf', '', 0, 'Das', 1, 1, 'open', 'This job order was automatically closed by the system due to more than 30 days of inactivity.', '2026-02-23 03:47:18', '2026-03-16 08:34:27', NULL),
	(223, 'TK-24670', 7, 29, 54, 233, 'Ds', '', 0, 'Das', 0, 1, 'ongoing', 'das', '2026-02-23 03:47:18', '2026-03-16 06:51:24', '2026-03-16 08:54:31');

-- Dumping structure for table ticketing-system.tickets_attachment_detailed
CREATE TABLE IF NOT EXISTS `tickets_attachment_detailed` (
  `id` int NOT NULL AUTO_INCREMENT,
  `ref_id` char(50) DEFAULT NULL,
  `attachment_url` longtext,
  `file_name` longtext,
  `file_size` longtext,
  `file_type` longtext,
  `status` enum('before','after') DEFAULT NULL,
  `created_at` timestamp NULL DEFAULT NULL,
  PRIMARY KEY (`id`),
  KEY `FK_tickets_attachement_before&after_tickets` (`ref_id`),
  CONSTRAINT `FK_tickets_attachement_before&after_tickets` FOREIGN KEY (`ref_id`) REFERENCES `tickets` (`reference_number`) ON DELETE CASCADE ON UPDATE CASCADE
) ENGINE=InnoDB AUTO_INCREMENT=52 DEFAULT CHARSET=utf8mb4 COLLATE=utf8mb4_0900_ai_ci;

-- Dumping data for table ticketing-system.tickets_attachment_detailed: ~33 rows (approximately)
INSERT INTO `tickets_attachment_detailed` (`id`, `ref_id`, `attachment_url`, `file_name`, `file_size`, `file_type`, `status`, `created_at`) VALUES
	(9, 'TK-96091', 'https://rgfs.bryansurio.workers.dev/tickets/before723b2b47-c4b5-4013-81fd-7ba28d37af3c.png', 'S7WatchRight.png', '3399125', 'image/png', 'after', '2026-02-27 06:28:51'),
	(10, 'TK-96091', 'https://rgfs.bryansurio.workers.dev/tickets/beforea4dc0e92-2981-490d-87fc-5afac36f0e85.png', 'M7WatchRight.png', '2422050', 'image/png', 'after', '2026-02-27 06:28:51'),
	(11, 'TK-96091', 'https://rgfs.bryansurio.workers.dev/tickets/beforefa2ffd28-7ecc-4b37-b960-ba373e2d0a5a.png', 'InteractiveTV75.png', '1507898', 'image/png', 'after', '2026-02-27 06:28:52'),
	(12, 'TK-96091', 'https://rgfs.bryansurio.workers.dev/tickets/before5031e3d0-ff30-4071-8800-1ee5925df813.png', 'S7WatchRight.png', '3399125', 'image/png', 'after', '2026-02-27 06:28:56'),
	(15, 'TK-93264', 'https://rgfs.bryansurio.workers.dev/tickets/before958791d6-7489-4cd0-9ce0-c6f05466305a.png', '121kb.png', '370818', 'image/png', 'before', '2026-02-27 06:52:44'),
	(16, 'TK-93264', 'https://rgfs.bryansurio.workers.dev/tickets/before6a164748-22cb-4a5a-a5c5-2c96e7fb7ca9.jpg', '518kb.jpg', '397115', 'image/jpeg', 'before', '2026-02-27 06:52:45'),
	(20, 'TK-82537', 'https://rgfs.bryansurio.workers.dev/tickets/before59d27466-0661-4084-bd83-1b8776d3d0f9.png', '121kb.png', '370818', 'image/png', 'before', '2026-02-27 08:04:53'),
	(21, 'TK-82537', 'https://rgfs.bryansurio.workers.dev/tickets/beforeeb809ce0-fd99-4976-805c-c0c4b9415009.jpg', '518kb.jpg', '397115', 'image/jpeg', 'after', '2026-02-27 08:06:24'),
	(26, 'TK-51432', 'https://rgfs.bryansurio.workers.dev/tickets/before661c7ca7-13cd-4db5-8f81-2a87e56cae91.png', '121kb.png', '370818', 'image/png', 'after', '2026-03-02 05:03:39'),
	(27, 'TK-51432', 'https://rgfs.bryansurio.workers.dev/tickets/beforec5514919-cdfd-48c2-928c-dd9466588256.png', '121kb.png', '370818', 'image/png', 'after', '2026-03-02 05:03:47'),
	(28, 'TK-51432', 'https://rgfs.bryansurio.workers.dev/tickets/beforeb350cc12-6391-4c31-91f1-a7a75795012b.jpg', '518kb.jpg', '397115', 'image/jpeg', 'after', '2026-03-02 05:03:48'),
	(30, 'TK-46881', 'https://rgfs.bryansurio.workers.dev/tickets/before41db29e1-19c0-4525-9f72-878a76cbcffa.jpg', '518kb.jpg', '397115', 'image/jpeg', 'after', '2026-03-02 06:42:11'),
	(31, 'TK-46881', 'https://rgfs.bryansurio.workers.dev/tickets/before50edad8b-b719-4425-b46d-16a5209f402c.jpg', '10772158 (1).jpg', '300818', 'image/jpeg', 'after', '2026-03-03 02:23:30'),
	(32, 'TK-46881', 'https://rgfs.bryansurio.workers.dev/tickets/before03257e87-efc4-4a83-936c-2a07a601fa81.jpg', '10772158.jpg', '300818', 'image/jpeg', 'after', '2026-03-03 02:23:31'),
	(33, 'TK-46881', 'https://rgfs.bryansurio.workers.dev/tickets/beforeeeb56532-3b30-4e75-bf6a-bf3b6b159011.jpg', '10772163.jpg', '223934', 'image/jpeg', 'after', '2026-03-03 02:23:31'),
	(34, 'TK-46881', 'https://rgfs.bryansurio.workers.dev/tickets/beforeb76dd393-c381-4182-95e6-4d2c7109b864.jpg', '10772159.jpg', '229270', 'image/jpeg', 'after', '2026-03-03 02:23:31'),
	(35, 'TK-46881', 'https://rgfs.bryansurio.workers.dev/tickets/before6a369b75-bd7b-498e-aa1e-afa589174458.jpg', '10772161.jpg', '191499', 'image/jpeg', 'after', '2026-03-03 02:23:31'),
	(36, 'TK-46881', 'https://rgfs.bryansurio.workers.dev/tickets/beforeb2daee2d-3cbb-406a-bd60-4c6c990fc213.jpg', '51abbfb8-6b52-4378-bb53-6e907bf50ea5.jpg', '772489', 'image/jpeg', 'after', '2026-03-03 02:23:32'),
	(37, 'TK-46881', 'https://rgfs.bryansurio.workers.dev/tickets/before874f2af8-6187-4394-b757-8d90e962615b.jpg', '10772160.jpg', '187943', 'image/jpeg', 'after', '2026-03-03 02:23:32'),
	(38, 'TK-46881', 'https://rgfs.bryansurio.workers.dev/tickets/before4a6584c8-1211-4484-a828-31563e3b2537.jpg', '10772162.jpg', '183421', 'image/jpeg', 'after', '2026-03-03 02:23:33'),
	(39, 'TK-46881', 'https://rgfs.bryansurio.workers.dev/tickets/beforefd5d3872-6022-4c99-a5e9-3d134817ae31.jpg', '1b201909-e1c8-492c-8737-4df8c83d85d2.jpg', '718097', 'image/jpeg', 'after', '2026-03-03 02:23:33'),
	(40, 'TK-46881', 'https://rgfs.bryansurio.workers.dev/tickets/beforeb8d8a261-6ff4-4b72-bfd8-1684b88997b0.jpg', '1515a394-a024-4004-a256-a16f2936d49d.jpg', '706416', 'image/jpeg', 'after', '2026-03-03 02:23:33'),
	(41, 'TK-46881', 'https://rgfs.bryansurio.workers.dev/tickets/before6e7c55ce-61db-4ec9-924b-a4c3be1e24c9.jpg', 'b7b1b353-d8df-433e-99ab-212c33854823.jpg', '662610', 'image/jpeg', 'after', '2026-03-03 02:23:34'),
	(42, 'TK-46881', 'https://rgfs.bryansurio.workers.dev/tickets/before941aec15-3fc6-47d6-9d36-c3b3473ca886.jpg', '4898e216-9446-4300-b393-b59c92138e60.jpg', '642905', 'image/jpeg', 'after', '2026-03-03 02:23:34'),
	(43, 'TK-46881', 'https://rgfs.bryansurio.workers.dev/tickets/before1719e957-99cd-439f-ba56-4568cbc3e31c.png', 'Screenshot 2026-02-16 144801.png', '540838', 'image/png', 'after', '2026-03-03 02:23:34'),
	(44, 'TK-46881', 'https://rgfs.bryansurio.workers.dev/tickets/before5b2903bb-8cb2-445f-b9da-4a8f13e06502.jpg', 'f04feaf1-cd9b-4a1e-abde-e44cad6e0acd.jpg', '218219', 'image/jpeg', 'after', '2026-03-03 02:23:35'),
	(45, 'TK-67915', 'https://rgfs.bryansurio.workers.dev/tickets/before593d38a9-8c34-43d0-bc71-005c2109a2f3.jpg', 'RJ45-03.jpg', '112148', 'image/jpeg', 'after', '2026-03-04 07:44:40'),
	(46, 'TK-67915', 'https://rgfs.bryansurio.workers.dev/tickets/before47f17f64-0f57-4ce7-9fc0-ef304edab15d.jpg', '518kb.jpg', '397115', 'image/jpeg', 'after', '2026-03-04 07:44:40'),
	(47, 'TK-50790', 'https://rgfs.bryansurio.workers.dev/tickets/before34df08ae-9165-4bff-b1d9-2ac40c2bde5d.jpg', 'RJ45-03.jpg', '112148', 'image/jpeg', 'after', '2026-03-04 07:59:38'),
	(48, 'TK-50790', 'https://rgfs.bryansurio.workers.dev/tickets/before81cd9a3f-04d9-4c63-8197-9166390d95ac.jpg', 'RJ45-03.jpg', '112148', 'image/jpeg', 'after', '2026-03-04 07:59:49'),
	(49, 'TK-50790', 'https://rgfs.bryansurio.workers.dev/tickets/beforef5150ef2-9294-4d08-ba77-27581fe40b0b.jpg', '518kb.jpg', '397115', 'image/jpeg', 'after', '2026-03-04 07:59:49'),
	(50, 'TK-56345', 'https://rgfs.bryansurio.workers.dev/tickets/befored8659233-b483-44a2-b163-057180a41a91.png', 'T568B.png', '142100', 'image/png', 'after', '2026-03-09 09:13:33'),
	(51, 'TK-83863', 'https://rgfs.bryansurio.workers.dev/tickets/before2d436c16-8487-4c9b-8b6e-d901c1223d0e.png', 'auditlogs.png', '432701', 'image/png', 'after', '2026-03-11 09:22:11');

-- Dumping structure for table ticketing-system.tickets_conversations
CREATE TABLE IF NOT EXISTS `tickets_conversations` (
  `id` int NOT NULL AUTO_INCREMENT,
  `tickets_id` char(50) DEFAULT NULL,
  `user_role` varchar(50) DEFAULT NULL,
  `sender_email` varchar(50) DEFAULT NULL,
  `sender_name` varchar(50) DEFAULT NULL,
  `message_body` longtext,
  `is_inbound` tinyint DEFAULT NULL,
  `is_updated` tinyint DEFAULT '0',
  `created_at` timestamp NULL DEFAULT NULL,
  PRIMARY KEY (`id`),
  KEY `FK_tickets_conversations_tickets` (`tickets_id`),
  CONSTRAINT `FK_tickets_conversations_tickets` FOREIGN KEY (`tickets_id`) REFERENCES `tickets` (`reference_number`) ON DELETE CASCADE ON UPDATE CASCADE
) ENGINE=InnoDB AUTO_INCREMENT=591 DEFAULT CHARSET=utf8mb4 COLLATE=utf8mb4_0900_ai_ci;

-- Dumping data for table ticketing-system.tickets_conversations: ~126 rows (approximately)
INSERT INTO `tickets_conversations` (`id`, `tickets_id`, `user_role`, `sender_email`, `sender_name`, `message_body`, `is_inbound`, `is_updated`, `created_at`) VALUES
	(441, 'TK-83863', 'Customer', 'jamerodexter13@gmail.com', 'Dexter Jamero', 'Testing', 1, 0, '2026-02-18 02:29:40'),
	(442, 'TK-83863', 'Technician', 'jamerodexter13@gmail.com', 'Dexter Jamero', 'test', 0, 0, '2026-02-18 02:31:25'),
	(443, 'TK-83863', 'Customer', 'jamerodexter13@gmail.com', 'Dexter Jamero', 'Hello', 1, 0, '2026-02-18 02:42:01'),
	(444, 'TK-56345', 'Customer', 'dexterjamero@beesee.ph', 'Test', 'Ter', 1, 0, '2026-02-18 02:56:43'),
	(445, 'TK-43992', 'Customer', 'jsmrto@gmail.com', 'Test 2', 'Da', 1, 0, '2026-02-18 03:21:44'),
	(446, 'TK-63946', 'Customer', 'jsmrto@gmail.com', 'Test 3', 'Dsadagf', 1, 0, '2026-02-18 03:22:30'),
	(447, 'TK-83863', 'Super admin', 'jamerodexter13@gmail.com', 'SuperBesse Admin', 'dasd', 0, 0, '2026-02-18 06:13:22'),
	(448, 'TK-93264', 'Customer', 'jamerodexter13@gmail.com', 'Dexter Jamero', 'Njmk', 1, 0, '2026-02-18 08:07:48'),
	(449, 'TK-93264', 'Super admin', 'jamerodexter13@gmail.com', 'SuperBesse Admin', 'h', 0, 0, '2026-02-18 08:11:37'),
	(450, 'TK-93264', 'Super admin', 'jamerodexter13@gmail.com', 'SuperBesse Admin', '', 0, 0, '2026-02-19 01:14:01'),
	(453, 'TK-93264', 'Super admin', 'jamerodexter13@gmail.com', 'SuperBesse Admin', NULL, 0, 0, '2026-02-19 02:21:28'),
	(454, 'TK-93264', 'Super admin', 'jamerodexter13@gmail.com', 'SuperBesse Admin', NULL, 0, 0, '2026-02-19 02:23:26'),
	(455, 'TK-96091', 'Customer', 'jamerodexter13@gmail.com', 'Dexter Jamero', 'D', 1, 0, '2026-02-19 02:40:55'),
	(456, 'TK-93264', 'Super admin', 'jamerodexter13@gmail.com', 'SuperBesse Admin', NULL, 0, 1, '2026-02-19 05:07:35'),
	(457, 'TK-93264', 'Super admin', 'jamerodexter13@gmail.com', 'SuperBesse Admin', NULL, 0, 1, '2026-02-19 05:08:27'),
	(458, 'TK-93264', 'Super admin', 'jamerodexter13@gmail.com', 'SuperBesse Admin', NULL, 0, 1, '2026-02-19 05:08:45'),
	(459, 'TK-93264', 'Super admin', 'jamerodexter13@gmail.com', 'SuperBesse Admin', NULL, 0, 1, '2026-02-19 05:09:16'),
	(460, 'TK-93264', 'Super admin', 'jamerodexter13@gmail.com', 'SuperBesse Admin', NULL, 0, 1, '2026-02-19 05:10:31'),
	(461, 'TK-93264', 'Super admin', 'jamerodexter13@gmail.com', 'SuperBesse Admin', NULL, 0, 1, '2026-02-19 05:12:00'),
	(462, 'TK-93264', 'Super admin', 'jamerodexter13@gmail.com', 'SuperBesse Admin', NULL, 0, 1, '2026-02-19 05:13:47'),
	(463, 'TK-93264', 'Super admin', 'jamerodexter13@gmail.com', 'SuperBesse Admin', NULL, 0, 1, '2026-02-19 05:29:41'),
	(464, 'TK-93264', 'Super admin', 'jamerodexter13@gmail.com', 'SuperBesse Admin', NULL, 0, 1, '2026-02-19 05:29:58'),
	(465, 'TK-93264', 'Super admin', 'jamerodexter13@gmail.com', 'SuperBesse Admin', NULL, 0, 1, '2026-02-19 05:30:48'),
	(466, 'TK-93264', 'Super admin', 'jamerodexter13@gmail.com', 'SuperBesse Admin', NULL, 0, 1, '2026-02-19 05:47:24'),
	(467, 'TK-93264', 'Super admin', 'jamerodexter13@gmail.com', 'SuperBesse Admin', 'das', 0, 0, '2026-02-19 06:03:38'),
	(468, 'TK-93264', 'Super admin', 'jamerodexter13@gmail.com', 'SuperBesse Admin', 'da', 0, 0, '2026-02-19 06:03:41'),
	(469, 'TK-93264', 'Super admin', 'jamerodexter13@gmail.com', 'SuperBesse Admin', NULL, 0, 1, '2026-02-19 06:03:51'),
	(470, 'TK-93264', 'Super admin', 'jamerodexter13@gmail.com', 'SuperBesse Admin', NULL, 0, 1, '2026-02-19 06:04:30'),
	(471, 'TK-93264', 'Super admin', 'jamerodexter13@gmail.com', 'SuperBesse Admin', NULL, 0, 1, '2026-02-20 05:24:14'),
	(472, 'TK-83863', 'Super admin', 'jamerodexter13@gmail.com', 'SuperBesseee Admin', 'test', 0, 0, '2026-02-23 03:46:46'),
	(473, 'TK-83863', 'Customer', 'jamerodexter13@gmail.com', 'Dexter Jamero', '', 1, 0, '2026-02-23 03:47:18'),
	(474, 'TK-56345', 'Super admin', 'dexterjamero@beesee.ph', 'SuperBesseee Admin', '', 0, 0, '2026-02-23 03:54:00'),
	(475, 'TK-56345', 'Super admin', 'dexterjamero@beesee.ph', 'SuperBesseee Admin', 'Gg', 0, 0, '2026-02-23 03:54:13'),
	(476, 'TK-56345', 'Super admin', 'dexterjamero@beesee.ph', 'SuperBesseee Admin', '', 0, 0, '2026-02-23 03:54:24'),
	(477, 'TK-83863', 'Super admin', 'jamerodexter13@gmail.com', 'SuperBesseee Admin', '', 0, 0, '2026-02-23 04:38:18'),
	(478, 'TK-56345', 'Super admin', 'dexterjamero@beesee.ph', 'SuperBesseee Admin', 'Hh', 0, 0, '2026-02-23 04:39:26'),
	(479, 'TK-56345', 'Super admin', 'dexterjamero@beesee.ph', 'SuperBesseee Admin', 'Hh', 0, 0, '2026-02-23 04:39:53'),
	(480, 'TK-56345', 'Super admin', 'dexterjamero@beesee.ph', 'SuperBesseee Admin', '', 0, 0, '2026-02-23 04:40:30'),
	(481, 'TK-56345', 'Super admin', 'dexterjamero@beesee.ph', 'SuperBesseee Admin', '', 0, 0, '2026-02-23 04:45:42'),
	(482, 'TK-56345', 'Super admin', 'dexterjamero@beesee.ph', 'SuperBesseee Admin', '', 0, 0, '2026-02-23 06:15:05'),
	(483, 'TK-56345', 'Super admin', 'dexterjamero@beesee.ph', 'SuperBesseee Admin', '', 0, 0, '2026-02-23 06:30:24'),
	(484, 'TK-56345', 'Super admin', 'dexterjamero@beesee.ph', 'SuperBesseee Admin', '', 0, 0, '2026-02-23 06:32:11'),
	(485, 'TK-56345', 'Super admin', 'dexterjamero@beesee.ph', 'SuperBesseee Admin', '[reply_meta]{"id":444,"sender":"Test","snippet":"Ter"}[/reply_meta]\r\nasd', 0, 0, '2026-02-23 07:49:53'),
	(486, 'TK-56345', 'Super admin', 'dexterjamero@beesee.ph', 'SuperBesseee Admin', 'das', 0, 0, '2026-02-23 07:51:29'),
	(487, 'TK-56345', 'Super admin', 'dexterjamero@beesee.ph', 'SuperBesseee Admin', '[reply_meta]{"id":486,"sender":"SuperBesseee Admin","snippet":"das"}[/reply_meta]\r\naray ko', 0, 0, '2026-02-23 07:57:28'),
	(488, 'TK-56345', 'Super admin', 'dexterjamero@beesee.ph', 'SuperBesseee Admin', '[reply_meta]{"id":444,"sender":"Test","snippet":"Ter"}[/reply_meta]\r\naray ko', 0, 0, '2026-02-23 08:51:16'),
	(489, 'TK-56345', 'Customer', 'dexterjamero@beesee.ph', 'Test', 'aha', 1, 0, '2026-02-23 08:56:12'),
	(490, 'TK-56345', 'Super admin', 'dexterjamero@beesee.ph', 'SuperBesseee Admin', '[reply_meta]{"id":489,"sender":"Test","snippet":"aha"}[/reply_meta]\r\nga', 0, 0, '2026-02-23 08:56:18'),
	(491, 'TK-56345', 'Customer', 'dexterjamero@beesee.ph', 'Test', 'das', 1, 0, '2026-02-23 09:30:39'),
	(492, 'TK-56345', 'Customer', 'dexterjamero@beesee.ph', 'Test', '[reply_meta]{"id":490,"sender":"SuperBesseee Admin","snippet":"ga"}[/reply_meta]\r\ndasd', 1, 0, '2026-02-23 09:40:52'),
	(493, 'TK-56345', 'Customer', 'dexterjamero@beesee.ph', 'Test', '[reply_meta]{"id":492,"sender":"Test","snippet":"dasd"}[/reply_meta]\r\ngsd', 1, 0, '2026-02-23 09:41:03'),
	(494, 'TK-56345', 'Customer', 'dexterjamero@beesee.ph', 'Test', '[reply_meta]{"id":485,"sender":"SuperBesseee Admin","snippet":"asd"}[/reply_meta]\r\ntesting', 1, 0, '2026-02-23 09:41:52'),
	(495, 'TK-56345', 'Super admin', 'dexterjamero@beesee.ph', 'SuperBesseee Admin', 'testing', 0, 0, '2026-02-23 09:45:44'),
	(496, 'TK-56345', 'Super admin', 'dexterjamero@beesee.ph', 'SuperBesseee Admin', 'test', 0, 0, '2026-02-23 09:45:48'),
	(497, 'TK-56345', 'Customer', 'dexterjamero@beesee.ph', 'Test', '[reply_meta]{"id":495,"sender":"SuperBesseee Admin","snippet":"testing"}[/reply_meta]\r\nna tesst mana', 1, 0, '2026-02-23 09:46:02'),
	(498, 'TK-39467', 'Customer', 'jamerodexter13@gmail.com', 'Dexter ', 'Dasd', 1, 0, '2026-02-24 03:58:55'),
	(499, 'TK-39467', 'Super admin', 'jamerodexter13@gmail.com', 'SuperBessee Admin', '[reply_meta]{"id":498,"sender":"Dexter ","snippet":"Dasd"}[/reply_meta]\r\ndasd', 0, 0, '2026-02-24 03:59:47'),
	(500, 'TK-39467', 'Customer', 'jamerodexter13@gmail.com', 'Dexter ', '[reply_meta]{"id":498,"sender":"Dexter ","snippet":"Dasd"}[/reply_meta]\r\nHey', 1, 0, '2026-02-24 04:00:13'),
	(501, 'TK-39467', 'Customer', 'jamerodexter13@gmail.com', 'Dexter ', 'Hehe', 1, 0, '2026-02-24 04:00:17'),
	(502, 'TK-39467', 'Super admin', 'jamerodexter13@gmail.com', 'SuperBessee Admin', NULL, 0, 1, '2026-02-24 04:00:50'),
	(503, 'TK-39467', 'Customer', 'jamerodexter13@gmail.com', 'Dexter ', 'Heheh', 1, 0, '2026-02-24 04:03:11'),
	(504, 'TK-39467', 'Customer', 'jamerodexter13@gmail.com', 'Dexter ', '[reply_meta]{"id":503,"sender":"Dexter ","snippet":"Heheh"}[/reply_meta]\r\nHey', 1, 0, '2026-02-24 04:33:46'),
	(505, 'TK-93264', 'Super admin', 'jamerodexter13@gmail.com', 'SuperBessee Admin', NULL, 0, 1, '2026-02-25 03:48:01'),
	(506, 'TK-46881', 'Customer', 'test@gmail.com', 'Ts', 'Eqw', 1, 0, '2026-02-25 09:42:27'),
	(507, 'TK-46881', 'Super admin', 'jamerodexter13@gmail.com', 'SuperBessee Admin', NULL, 0, 1, '2026-02-25 10:10:08'),
	(508, 'TK-46881', 'Super admin', 'jamerodexter13@gmail.com', 'SuperBessee Admin', NULL, 0, 1, '2026-02-25 10:15:57'),
	(509, 'TK-46881', 'Super admin', 'jamerodexter13@gmail.com', 'SuperBessee Admin', NULL, 0, 1, '2026-02-25 10:23:19'),
	(510, 'TK-46881', 'Super admin', 'jamerodexter13@gmail.com', 'SuperBessee Admin', NULL, 0, 1, '2026-02-25 10:24:22'),
	(511, 'TK-46881', 'Super admin', 'jamerodexter13@gmail.com', 'SuperBessee Admin', NULL, 0, 1, '2026-02-25 10:24:34'),
	(512, 'TK-46881', 'Super admin', 'jamerodexter13@gmail.com', 'SuperBessee Admin', '', 0, 0, '2026-02-25 10:25:26'),
	(522, 'TK-46881', 'Super admin', 'jamerodexter13@gmail.com', 'SuperBessee Admin', NULL, 0, 1, '2026-02-26 06:16:17'),
	(523, 'TK-43992', 'Super admin', 'jsmrto@gmail.com', 'SuperBessee Admin', NULL, 0, 1, '2026-02-26 09:35:33'),
	(524, 'TK-43992', 'Super admin', 'jsmrto@gmail.com', 'SuperBessee Admin', NULL, 0, 1, '2026-02-26 09:35:47'),
	(526, 'TK-46881', 'Super admin', 'jamerodexter13@gmail.com', 'SuperBessee Admin', NULL, 0, 1, '2026-02-26 10:54:29'),
	(527, 'TK-43992', 'Super admin', 'jsmrto@gmail.com', 'SuperBessee Admin', NULL, 0, 1, '2026-02-27 01:05:33'),
	(529, 'TK-46881', 'Customer', 'jamerodexter13@gmail.com', 'Ts', 'dds', 1, 0, '2026-02-27 01:34:44'),
	(530, 'TK-43992', 'Super admin', 'jsmrto@gmail.com', 'SuperBessee Admin', NULL, 0, 1, '2026-02-27 07:35:36'),
	(531, 'TK-46881', 'Super admin', 'jamerodexter13@gmail.com', 'SuperBessee Admin', NULL, 0, 1, '2026-02-27 07:37:12'),
	(532, 'TK-82537', 'Customer', 'jamerodexter13@gmail.com', 'Dexter Jamero', 'Das', 1, 0, '2026-02-27 07:49:29'),
	(533, 'TK-82537', 'Super admin', 'jamerodexter13@gmail.com', 'SuperBessee Admin', 'good day', 0, 0, '2026-02-27 07:50:38'),
	(534, 'TK-82537', 'Customer', 'jamerodexter13@gmail.com', 'Dexter Jamero', '[reply_meta]{"id":533,"sender":"SuperBessee Admin","snippet":"good day"}[/reply_meta]\r\nYes', 1, 0, '2026-02-27 07:51:27'),
	(535, 'TK-82537', 'Super admin', 'jamerodexter13@gmail.com', 'SuperBessee Admin', '[reply_meta]{"id":534,"sender":"Dexter Jamero","snippet":"Yes"}[/reply_meta]\r\nconcern', 0, 0, '2026-02-27 07:52:19'),
	(536, 'TK-82537', 'Customer', 'jamerodexter13@gmail.com', 'Dexter Jamero', '', 1, 0, '2026-02-27 07:53:13'),
	(537, 'TK-82537', 'Super admin', 'jamerodexter13@gmail.com', 'SuperBessee Admin', NULL, 0, 1, '2026-02-27 08:00:59'),
	(539, 'TK-79643', 'Customer', 'jamerodexter13@gmail.com', 'Dexter Jamero', 'Aadsd', 1, 0, '2026-02-27 08:40:09'),
	(541, 'TK-79643', 'Super admin', 'jamerodexter13@gmail.com', 'SuperBessee Admin', NULL, 0, 1, '2026-02-27 09:09:23'),
	(542, 'TK-51432', 'Customer', 'jamerodexter13@gmail.com', 'Dexter Jamero', 'Dsa', 1, 0, '2026-03-02 03:46:13'),
	(543, 'TK-51432', 'Technician', 'jamerodexter13@gmail.com', 'Dexter Jamero', 'test', 0, 0, '2026-03-02 03:46:44'),
	(545, 'TK-51432', 'Technician', 'jamerodexter13@gmail.com', 'Dexter Jamero', NULL, 0, 1, '2026-03-02 03:48:02'),
	(546, 'TK-53303', 'Customer', 'jamerodexter13@gmail.com', 'Dexter Jamero', 'Dsa', 1, 0, '2026-03-03 02:59:19'),
	(547, 'TK-53303', 'Super admin', 'jamerodexter13@gmail.com', 'SuperBessee Admin', NULL, 0, 1, '2026-03-03 03:21:43'),
	(548, 'TK-53303', 'Super admin', 'jamerodexter13@gmail.com', 'SuperBessee Admin', NULL, 0, 1, '2026-03-03 03:22:57'),
	(549, 'TK-53303', 'Super admin', 'jamerodexter13@gmail.com', 'SuperBessee Admin', NULL, 0, 1, '2026-03-03 03:31:17'),
	(550, 'TK-53303', 'Super admin', 'jamerodexter13@gmail.com', 'SuperBessee Admin', NULL, 0, 1, '2026-03-03 05:10:04'),
	(551, 'TK-53303', 'Super admin', 'jamerodexter13@gmail.com', 'SuperBessee Admin', NULL, 0, 1, '2026-03-03 06:13:09'),
	(552, 'TK-53303', 'Super admin', 'jamerodexter13@gmail.com', 'SuperBessee Admin', NULL, 0, 1, '2026-03-03 10:25:24'),
	(553, 'TK-67915', 'Customer', 'jamerodexter13@gmail.com', 'Test1 ', 'Das', 1, 0, '2026-03-04 07:30:56'),
	(554, 'TK-50790', 'Customer', 'jamerodexter13@gmail.com', 'Test2', 'Dsa', 1, 0, '2026-03-04 07:32:21'),
	(555, 'TK-67915', 'Super admin', 'jamerodexter13@gmail.com', 'SuperBessee Admin', 'asdasd', 0, 0, '2026-03-04 07:35:07'),
	(556, 'TK-67915', 'Customer', 'jamerodexter13@gmail.com', 'Test1 ', 'Ccchc', 1, 0, '2026-03-04 07:39:16'),
	(557, 'TK-67915', 'Super admin', 'jamerodexter13@gmail.com', 'SuperBessee Admin', NULL, 0, 1, '2026-03-04 07:42:52'),
	(558, 'TK-67915', 'Customer', 'jamerodexter13@gmail.com', 'Test1 ', '[reply_meta]{"id":556,"sender":"Test1 ","snippet":"Ccchc"}[/reply_meta]\r\nIs', 1, 0, '2026-03-04 07:43:06'),
	(559, 'TK-83863', 'Customer', 'jamerodexter13@gmail.com', 'Dexter Jamero', 'dsa', 1, 0, '2026-03-04 07:47:35'),
	(560, 'TK-83863', 'Customer', 'jamerodexter13@gmail.com', 'Dexter Jamero', 'das', 1, 0, '2026-03-04 07:48:10'),
	(561, 'TK-50790', 'Technician', 'jamerodexter13@gmail.com', 'Dexter Jamero', 'sdad', 0, 0, '2026-03-04 07:54:50'),
	(562, 'TK-50790', 'Customer', 'jamerodexter13@gmail.com', 'Test2', 'dasd', 1, 0, '2026-03-04 07:56:59'),
	(563, 'TK-50790', 'Technician', 'jamerodexter13@gmail.com', 'Dexter Jamero', NULL, 0, 1, '2026-03-04 07:57:25'),
	(564, 'TK-24085', 'Customer', 'marketinga@beesee.ph', 'Test', 'Ds', 1, 0, '2026-03-10 03:45:14'),
	(565, 'TK-80998', 'Customer', 'awa@gmail.com ', 'Awa', 'Re', 1, 0, '2026-03-11 07:46:36'),
	(566, 'TK-80998', 'Customer', 'awa@gmail.com ', 'Awa', 'test', 1, 0, '2026-03-11 07:47:18'),
	(567, 'TK-80998', 'Customer', 'awa@gmail.com ', 'Awa', 'dasda', 1, 0, '2026-03-11 07:48:21'),
	(568, 'TK-80998', 'Customer', 'awa@gmail.com ', 'Awa', 'das', 1, 0, '2026-03-11 08:23:02'),
	(569, 'TK-99533', 'Customer', 'jamerodexter13@gmail.com', 'John Ramirez', 'My Wifi Does Not Working', 1, 0, '2026-03-12 02:26:00'),
	(570, 'TK-99533', 'Super admin', 'jamerodexter13@gmail.com', 'SuperBessee Admin', 'Hello! Sorry to hear that your WiFi is not working.\r\n\r\nPlease try restarting your router and reconnecting to the WiFi network. If the problem continues, kindly provide more details about the issue so we can assist you better.', 0, 0, '2026-03-12 05:07:10'),
	(571, 'TK-99533', 'Customer', 'jamerodexter13@gmail.com', 'John Ramirez', 'I try to restart the Wi-Fi but nothing happened', 1, 0, '2026-03-12 05:40:18'),
	(572, 'TK-99533', 'Super admin', 'jamerodexter13@gmail.com', 'SuperBessee Admin', 'Hello! Thank you for trying to restart your WiFi.\r\n\r\nSince the issue is still occurring, could you please provide the following details so we can assist you further:\r\n• Your location\r\n• The device you are using\r\n• When the problem started', 0, 0, '2026-03-12 05:41:37'),
	(574, 'TK-99533', 'Customer', 'jamerodexter13@gmail.com', 'John Ramirez', 'Location: Manila, Philippines\r\nDevice:  IPhone 14 and Windows 10 laptop\r\nWhen the problem started:  March 12, 2026, around 10:00 AM', 1, 0, '2026-03-12 05:52:47'),
	(576, 'TK-99533', 'Super admin', 'jamerodexter13@gmail.com', 'SuperBessee Admin', 'Ok, thank you. I will send the Job Order to you.', 0, 0, '2026-03-12 05:53:47'),
	(577, 'TK-99533', 'Super admin', 'jamerodexter13@gmail.com', 'SuperBessee Admin', NULL, 0, 1, '2026-03-12 05:53:51'),
	(578, 'TK-53303', 'Super admin', 'jamerodexter13@gmail.com', 'SuperBessee Admin', 'test', 0, 0, '2026-03-16 05:32:27'),
	(580, 'TK-61383', 'Customer', 'jamerodexter13@gmail.com', 'John Ramirezz', 'Das', 1, 0, '2026-02-23 03:47:18'),
	(581, 'TK-24670', 'Customer', 'dexterjamero@beesee.ph', 'Dexter Jamero', 'Das', 1, 0, '2026-02-23 03:47:18'),
	(582, 'TK-24670', 'Super admin', 'dexterjamero@beesee.ph', 'SuperBessee Admin', 'dsad', 0, 0, '2026-03-16 08:54:31'),
	(583, 'TK-99533', 'Customer', 'jamerodexter13@gmail.com', 'John Ramirez', '[reply_meta]{"id":574,"sender":"John Ramirez","snippet":"Location: Manila, Philippines\\r\\nDevice:  IPhone 14 and Windows 10 laptop\\r\\nWhen the problem started:  "}[/reply_meta]\r\nfd', 1, 0, '2026-03-18 00:57:07'),
	(584, 'TK-53303', 'Super admin', 'jamerodexter13@gmail.com', 'SuperBessee Admin', NULL, 0, 1, '2026-03-18 06:06:26'),
	(585, 'TK-80998', 'Super admin', 'jamerodexter13@gmail.com', 'SuperBessee Admin', '', 0, 0, '2026-03-19 02:11:02'),
	(586, 'TK-80998', 'Super admin', 'jamerodexter13@gmail.com', 'SuperBessee Admin', '', 0, 0, '2026-03-19 02:19:17'),
	(587, 'TK-80998', 'Customer', 'jamerodexter13@gmail.com', 'Awa', '', 1, 0, '2026-03-19 03:21:22'),
	(588, 'TK-80998', 'Super admin', 'jamerodexter13@gmail.com', 'SuperBessee Admin', '', 0, 0, '2026-03-19 03:26:29'),
	(589, 'TK-80998', 'Super admin', 'jamerodexter13@gmail.com', 'SuperBessee Admin', '', 0, 0, '2026-03-19 03:33:43'),
	(590, 'TK-80998', 'Customer', 'jamerodexter13@gmail.com', 'Awa', '', 1, 0, '2026-03-19 03:35:24');

-- Dumping structure for table ticketing-system.tickets_conversation_attachment
CREATE TABLE IF NOT EXISTS `tickets_conversation_attachment` (
  `id` int NOT NULL AUTO_INCREMENT,
  `ticket_conversation_id` int DEFAULT NULL,
  `attachment_url` longtext CHARACTER SET utf8mb4 COLLATE utf8mb4_0900_ai_ci,
  `file_name` longtext,
  `file_size` longtext CHARACTER SET utf8mb4 COLLATE utf8mb4_0900_ai_ci,
  `file_type` longtext,
  `created_at` timestamp NULL DEFAULT NULL,
  PRIMARY KEY (`id`),
  KEY `FK_tickets_conversation_attachment_tickets_conversations` (`ticket_conversation_id`),
  CONSTRAINT `FK_tickets_conversation_attachment_tickets_conversations` FOREIGN KEY (`ticket_conversation_id`) REFERENCES `tickets_conversations` (`id`) ON DELETE CASCADE ON UPDATE CASCADE
) ENGINE=InnoDB AUTO_INCREMENT=144 DEFAULT CHARSET=utf8mb4 COLLATE=utf8mb4_0900_ai_ci;

-- Dumping data for table ticketing-system.tickets_conversation_attachment: ~57 rows (approximately)
INSERT INTO `tickets_conversation_attachment` (`id`, `ticket_conversation_id`, `attachment_url`, `file_name`, `file_size`, `file_type`, `created_at`) VALUES
	(79, 450, 'https://rgfs.bryansurio.workers.dev/ticket_attachment/4aa05b87-27d8-46d0-825d-c378b1527186.png', 'faqs2.png', '288104', 'image/png', '2026-02-19 01:14:03'),
	(80, 453, 'https://rgfs.bryansurio.workers.dev/ticket_attachment/e6d0e05e-beb6-4bac-aa25-037fd6f69635.pdf', 'JobOrder-TK-93264.pdf', '76456', 'application/pdf', '2026-02-19 02:21:28'),
	(81, 454, 'https://rgfs.bryansurio.workers.dev/ticket_attachment/7263b0c5-12d0-4fe9-9ebe-d1dcfd75d13b.pdf', 'JobOrder-TK-93264.pdf', '76456', 'application/pdf', '2026-02-19 02:23:26'),
	(82, 456, 'https://rgfs.bryansurio.workers.dev/ticket_attachment/fc7161e7-027f-4504-9762-e4fcc7b481aa.pdf', 'JobOrder-TK-93264.pdf', '76456', 'application/pdf', '2026-02-19 05:07:35'),
	(83, 457, 'https://rgfs.bryansurio.workers.dev/ticket_attachment/7ecfa8a6-f6d8-4734-b2bc-2cbb95f5ef78.pdf', 'JobOrder-TK-93264.pdf', '76456', 'application/pdf', '2026-02-19 05:08:27'),
	(84, 458, 'https://rgfs.bryansurio.workers.dev/ticket_attachment/2249711b-044a-4cbd-a666-cbde01cbc042.pdf', 'JobOrder-TK-93264.pdf', '76456', 'application/pdf', '2026-02-19 05:08:45'),
	(85, 459, 'https://rgfs.bryansurio.workers.dev/ticket_attachment/840be657-068b-4ed7-8e5a-4c44e9e5f535.pdf', 'JobOrder-TK-93264.pdf', '76414', 'application/pdf', '2026-02-19 05:09:17'),
	(86, 460, 'https://rgfs.bryansurio.workers.dev/ticket_attachment/1e92f9cf-b4b2-4669-9454-b59be408a180.pdf', 'JobOrder-TK-93264.pdf', '76409', 'application/pdf', '2026-02-19 05:10:32'),
	(87, 461, 'https://rgfs.bryansurio.workers.dev/ticket_attachment/f8f0307c-d7f4-4c0c-a6b3-7993066d0d2b.pdf', 'JobOrder-TK-93264.pdf', '76414', 'application/pdf', '2026-02-19 05:12:00'),
	(88, 462, 'https://rgfs.bryansurio.workers.dev/ticket_attachment/a4378ba3-e0da-4a73-8b85-2ef408459f6d.pdf', 'JobOrder-TK-93264.pdf', '76410', 'application/pdf', '2026-02-19 05:13:47'),
	(89, 463, 'https://rgfs.bryansurio.workers.dev/ticket_attachment/79585b84-5c20-4663-aaf3-9d0cc7a8f1d2.pdf', 'JobOrder-TK-93264.pdf', '76414', 'application/pdf', '2026-02-19 05:29:41'),
	(90, 464, 'https://rgfs.bryansurio.workers.dev/ticket_attachment/f4b03a9b-46cd-4567-be11-923938108e14.pdf', 'JobOrder-TK-93264.pdf', '76414', 'application/pdf', '2026-02-19 05:29:58'),
	(91, 465, 'https://rgfs.bryansurio.workers.dev/ticket_attachment/97175c3b-41be-4d91-9b34-95161cbf10b4.pdf', 'JobOrder-TK-93264.pdf', '76456', 'application/pdf', '2026-02-19 05:30:49'),
	(92, 466, 'https://rgfs.bryansurio.workers.dev/ticket_attachment/9c2a5e26-2185-4a25-b739-8e9b66a52aaa.pdf', 'JobOrder-TK-93264.pdf', '76456', 'application/pdf', '2026-02-19 05:47:24'),
	(93, 469, 'https://rgfs.bryansurio.workers.dev/ticket_attachment/90ad4c6e-3743-432f-b518-4ae73341dc62.pdf', 'JobOrder-TK-93264.pdf', '76445', 'application/pdf', '2026-02-19 06:03:51'),
	(94, 470, 'https://rgfs.bryansurio.workers.dev/ticket_attachment/657d8283-1c7d-47cb-ad68-8f5323292e73.pdf', 'JobOrder-TK-93264.pdf', '76416', 'application/pdf', '2026-02-19 06:04:30'),
	(95, 471, 'https://rgfs.bryansurio.workers.dev/ticket_attachment/f95e1c3b-9a7c-40d9-94f8-e8e86147009b.pdf', 'JobOrder-TK-93264.pdf', '76416', 'application/pdf', '2026-02-20 05:24:15'),
	(96, 473, 'https://rgfs.bryansurio.workers.dev/ticket_attachment/b8b1b0c3-0c81-4360-bb46-c4c4ccd25bde.jpg', 'Screenshot_2026-02-23-07-01-10-562_com.facebook.lite.jpg', '286160', 'image/jpeg', '2026-02-23 03:47:19'),
	(97, 474, 'https://rgfs.bryansurio.workers.dev/ticket_attachment/96379172-4279-4b43-b2a4-0767ccfb7dae.jpg', 'Screenshot_2026-02-23-07-01-10-562_com.facebook.lite.jpg', '286160', 'image/jpeg', '2026-02-23 03:54:02'),
	(98, 476, 'https://rgfs.bryansurio.workers.dev/ticket_attachment/1f829794-a0e5-4f30-9aa5-0b4ccc5d88ff.jpg', 'Screenshot_2026-02-23-07-01-19-669_com.facebook.lite.jpg', '212188', 'image/jpeg', '2026-02-23 03:54:25'),
	(99, 477, 'https://rgfs.bryansurio.workers.dev/ticket_attachment/2d555734-08e7-4bdb-b5af-67e9432b14e7.png', 'S7WatchRight.png', '3399125', 'image/png', '2026-02-23 04:38:22'),
	(100, 478, 'https://rgfs.bryansurio.workers.dev/ticket_attachment/bab30939-cb56-423b-924e-97d115f755f4.jpg', 'Screenshot_2026-02-23-07-01-10-562_com.facebook.lite.jpg', '286160', 'image/jpeg', '2026-02-23 04:39:27'),
	(101, 480, 'https://rgfs.bryansurio.workers.dev/ticket_attachment/258e9c42-5d5b-4df2-92b5-c29af2fe035b.jpg', 'Screenshot_2026-02-23-07-01-19-669_com.facebook.lite.jpg', '212188', 'image/jpeg', '2026-02-23 04:40:31'),
	(102, 481, 'https://rgfs.bryansurio.workers.dev/ticket_attachment/e66cfce4-de14-4217-abf2-c9e661887ec6.jpg', 'Screenshot_2026-02-23-07-01-19-669_com.facebook.lite.jpg', '212188', 'image/jpeg', '2026-02-23 04:45:43'),
	(103, 482, 'https://rgfs.bryansurio.workers.dev/ticket_attachment/23aa5ed2-0583-45af-b6dd-23f254a928af.jpg', 'wet-sphere-reflective-water-abstract-beauty-generated-by-ai.jpg', '255456', 'image/jpeg', '2026-02-23 06:15:07'),
	(104, 483, 'https://rgfs.bryansurio.workers.dev/ticket_attachment/670301f6-1ac0-412b-a016-29fc7942d2d2.png', 'faqs1.png', '267105', 'image/png', '2026-02-23 06:30:25'),
	(105, 484, 'https://rgfs.bryansurio.workers.dev/ticket_attachment/2bef9877-7533-4758-8cfb-fc4aa46d2416.jpg', 'SampleJPGImage_5mb.jpg', '389302', 'image/jpeg', '2026-02-23 06:32:13'),
	(106, 502, 'https://rgfs.bryansurio.workers.dev/ticket_attachment/4fc690cc-e2dd-4078-8c36-82e88699814c.pdf', 'JobOrder-TK-39467.pdf', '76409', 'application/pdf', '2026-02-24 04:00:50'),
	(107, 505, 'https://rgfs.bryansurio.workers.dev/ticket_attachment/d342f950-ca7f-4f62-8e2e-f252e443adfe.pdf', 'JobOrder-TK-93264.pdf', '76456', 'application/pdf', '2026-02-25 03:48:02'),
	(108, 507, 'https://rgfs.bryansurio.workers.dev/ticket_attachment/7174dd99-42c6-44e6-a1c1-585177bf1761.pdf', 'JobOrder-TK-46881.pdf', '76412', 'application/pdf', '2026-02-25 10:10:08'),
	(109, 508, 'https://rgfs.bryansurio.workers.dev/ticket_attachment/778065d8-a33a-446d-8c6c-03c7f3ef032e.pdf', 'JobOrder-TK-46881.pdf', '76369', 'application/pdf', '2026-02-25 10:15:58'),
	(110, 509, 'https://rgfs.bryansurio.workers.dev/ticket_attachment/2bdad622-3c4b-4b78-a7b5-f2189d9ffd74.pdf', 'JobOrder-TK-46881.pdf', '76969', 'application/pdf', '2026-02-25 10:23:20'),
	(111, 510, 'https://rgfs.bryansurio.workers.dev/ticket_attachment/23861985-7115-4350-9c7b-739aaeaefd6f.pdf', 'JobOrder-TK-46881.pdf', '76969', 'application/pdf', '2026-02-25 10:24:22'),
	(112, 511, 'https://rgfs.bryansurio.workers.dev/ticket_attachment/7959ce0d-8e6e-464a-b7c8-4edba2aa93ce.pdf', 'JobOrder-TK-46881.pdf', '76990', 'application/pdf', '2026-02-25 10:24:34'),
	(113, 512, 'https://rgfs.bryansurio.workers.dev/ticket_attachment/567006bb-86e2-4886-b58a-3757e54641bd.png', '1.85mb.png', '4059837', 'image/png', '2026-02-25 10:25:28'),
	(114, 522, 'https://rgfs.bryansurio.workers.dev/ticket_attachment/01300f96-8e81-456a-ae3c-d01f096db131.pdf', 'JobOrder-TK-46881.pdf', '77021', 'application/pdf', '2026-02-26 06:16:17'),
	(115, 523, 'https://rgfs.bryansurio.workers.dev/ticket_attachment/2e485e5e-5f12-4f3c-bf28-a1293822de50.pdf', 'JobOrder-TK-43992.pdf', '77032', 'application/pdf', '2026-02-26 09:35:33'),
	(116, 524, 'https://rgfs.bryansurio.workers.dev/ticket_attachment/bb9f0e5d-d551-4d43-9d30-74fda393b5e3.pdf', 'JobOrder-TK-43992.pdf', '77032', 'application/pdf', '2026-02-26 09:35:48'),
	(117, 526, 'https://rgfs.bryansurio.workers.dev/ticket_attachment/97d8d057-bab4-4f1e-b293-23bf9ab1aa5a.pdf', 'JobOrder-TK-46881.pdf', '77021', 'application/pdf', '2026-02-26 10:54:30'),
	(118, 527, 'https://rgfs.bryansurio.workers.dev/ticket_attachment/3347f17a-9e48-48c2-b215-35d7806d411c.pdf', 'JobOrder-TK-43992.pdf', '77032', 'application/pdf', '2026-02-27 01:05:33'),
	(120, 530, 'https://rgfs.bryansurio.workers.dev/ticket_attachment/aa6867c4-ad56-411f-88e5-72562bc582cb.pdf', 'JobOrder-TK-43992.pdf', '77016', 'application/pdf', '2026-02-27 07:35:36'),
	(121, 531, 'https://rgfs.bryansurio.workers.dev/ticket_attachment/08a0fa5d-e747-4210-b145-f35181d4f6a6.pdf', 'JobOrder-TK-46881.pdf', '77021', 'application/pdf', '2026-02-27 07:37:12'),
	(122, 536, 'https://rgfs.bryansurio.workers.dev/ticket_attachment/b8302cb8-b10a-4eba-955e-741b90a6249b.jpg', 'IMG_20260225_184103.jpg', '541316', 'image/jpeg', '2026-02-27 07:53:14'),
	(123, 537, 'https://rgfs.bryansurio.workers.dev/ticket_attachment/6cd4baa8-0bcd-497b-ba98-f928ce87f5a2.pdf', 'JobOrder-TK-82537.pdf', '77032', 'application/pdf', '2026-02-27 08:00:59'),
	(124, 541, 'https://rgfs.bryansurio.workers.dev/ticket_attachment/7182006a-1f4d-490b-81be-1982f07cb69d.pdf', 'JobOrder-TK-79643.pdf', '77124', 'application/pdf', '2026-02-27 09:09:23'),
	(125, 545, 'https://rgfs.bryansurio.workers.dev/ticket_attachment/c50fdad1-9e4d-46ab-a9b7-0447ac302c7f.pdf', 'JobOrder-TK-51432.pdf', '77040', 'application/pdf', '2026-03-02 03:48:03'),
	(126, 547, 'https://rgfs.bryansurio.workers.dev/ticket_attachment/5e63ca79-85c0-41fc-8294-6afcb036acab.pdf', 'JobOrder-TK-53303.pdf', '77065', 'application/pdf', '2026-03-03 03:21:43'),
	(127, 548, 'https://rgfs.bryansurio.workers.dev/ticket_attachment/8bc12593-444a-47e9-bf53-b098eb5d1a52.pdf', 'JobOrder-TK-53303.pdf', '77065', 'application/pdf', '2026-03-03 03:22:57'),
	(128, 549, 'https://rgfs.bryansurio.workers.dev/ticket_attachment/50780f92-7c32-499c-a2ac-f28bfc1fb0a0.pdf', 'JobOrder-TK-53303.pdf', '77059', 'application/pdf', '2026-03-03 03:31:18'),
	(129, 550, 'https://rgfs.bryansurio.workers.dev/ticket_attachment/72dc72be-e39d-493e-b29d-e68599c774ff.pdf', 'JobOrder-TK-53303.pdf', '77026', 'application/pdf', '2026-03-03 05:10:05'),
	(130, 551, 'https://rgfs.bryansurio.workers.dev/ticket_attachment/c4e015c3-ed7a-48bd-b010-255786e0c6ed.pdf', 'JobOrder-TK-53303.pdf', '77026', 'application/pdf', '2026-03-03 06:13:10'),
	(131, 552, 'https://rgfs.bryansurio.workers.dev/ticket_attachment/ce432e91-192c-4471-81b0-8fdc4500490a.pdf', 'JobOrder-TK-53303.pdf', '77026', 'application/pdf', '2026-03-03 10:25:25'),
	(132, 557, 'https://rgfs.bryansurio.workers.dev/ticket_attachment/ac201fb1-29cb-4edf-966f-577e6b4383d5.pdf', 'JobOrder-TK-67915.pdf', '77027', 'application/pdf', '2026-03-04 07:42:53'),
	(133, 563, 'https://rgfs.bryansurio.workers.dev/ticket_attachment/28c5cc4d-9890-4da6-a487-8417797d0595.pdf', 'JobOrder-TK-50790.pdf', '77031', 'application/pdf', '2026-03-04 07:57:26'),
	(136, 577, 'https://rgfs.bryansurio.workers.dev/ticket_attachment/8bbfdf53-410a-471f-81fe-0d52891916dc.pdf', 'JobOrder-TK-99533.pdf', '77120', 'application/pdf', '2026-03-12 05:53:52'),
	(137, 584, 'https://rgfs.bryansurio.workers.dev/ticket_attachment/213014e0-7bed-4a70-811e-bed35e4548e7.pdf', 'JobOrder-TK-53303.pdf', '77061', 'application/pdf', '2026-03-18 06:06:26'),
	(138, 585, 'https://rgfs.bryansurio.workers.dev/ticket_attachment/4f2bd593-308a-4783-8942-d1391cbca3a2.mp4', 'VID_20260318_200453.mp4', '71516753', 'video/mp4', '2026-03-19 02:11:15'),
	(139, 586, 'https://rgfs.bryansurio.workers.dev/ticket_attachment/727f9981-fb69-4d4a-bee8-db251030f29d.mp4', 'VID_20260318_200410.mp4', '36325699', 'video/mp4', '2026-03-19 02:19:26'),
	(140, 587, 'https://rgfs.bryansurio.workers.dev/ticket_attachment/97c15041-7cfb-45c5-b5f7-e267dd9e00d6.mp4', 'VID_20260318_200453 (1).mp4', '71516753', 'video/mp4', '2026-03-19 03:21:36'),
	(141, 588, 'https://rgfs.bryansurio.workers.dev/ticket_attachment/5022d33f-7e52-4cd7-acac-c991905c4b00.mp4', 'VID_20260318_200410 (1).mp4', '36325699', 'video/mp4', '2026-03-19 03:26:36'),
	(142, 589, 'https://rgfs.bryansurio.workers.dev/ticket_attachment/a4c5b11d-7613-4408-8f95-62a72629dbd2.mp4', 'VID_20260318_200453 (1).mp4', '71516753', 'video/mp4', '2026-03-19 03:33:57'),
	(143, 590, 'https://rgfs.bryansurio.workers.dev/ticket_attachment/ef281c5f-6832-4284-a9f1-8f1d5fa720c2.mp4', 'VID_20260318_200453 (1).mp4', '71516753', 'video/mp4', '2026-03-19 03:35:37');

-- Dumping structure for table ticketing-system.tickets_images
CREATE TABLE IF NOT EXISTS `tickets_images` (
  `id` int NOT NULL AUTO_INCREMENT,
  `tickets_id` int DEFAULT NULL,
  `image_url` longtext CHARACTER SET utf8mb4 COLLATE utf8mb4_0900_ai_ci,
  `created_at` timestamp NULL DEFAULT NULL,
  `updated_at` timestamp NULL DEFAULT NULL,
  PRIMARY KEY (`id`),
  KEY `FK__tickets` (`tickets_id`),
  CONSTRAINT `FK__tickets` FOREIGN KEY (`tickets_id`) REFERENCES `tickets` (`id`) ON DELETE CASCADE ON UPDATE CASCADE
) ENGINE=InnoDB AUTO_INCREMENT=74 DEFAULT CHARSET=utf8mb4 COLLATE=utf8mb4_0900_ai_ci;

-- Dumping data for table ticketing-system.tickets_images: ~13 rows (approximately)
INSERT INTO `tickets_images` (`id`, `tickets_id`, `image_url`, `created_at`, `updated_at`) VALUES
	(60, 210, 'https://rgfs.bryansurio.workers.dev/tickets/a928fc21-b4d1-46c1-a099-f4548d85f1b3.png', '2026-02-24 03:58:56', NULL),
	(61, 211, 'https://rgfs.bryansurio.workers.dev/tickets/35461fdf-28ff-4d3e-93e5-a999f562484f.png', '2026-02-25 09:42:28', NULL),
	(62, 212, 'https://rgfs.bryansurio.workers.dev/tickets/7e81d893-1b18-41ca-b67e-e2a4eeae4130.png', '2026-02-27 07:49:30', NULL),
	(63, 213, 'https://rgfs.bryansurio.workers.dev/tickets/e2ba1989-a455-4ffb-a6c8-68cbbaf0abb1.jpg', '2026-02-27 08:40:12', NULL),
	(64, 214, 'https://rgfs.bryansurio.workers.dev/tickets/f36bccde-577c-4c48-96e8-0ac83ab50a55.png', '2026-03-02 03:46:14', NULL),
	(65, 215, 'https://rgfs.bryansurio.workers.dev/tickets/e66ce007-a783-40ac-b7f7-c29f818e7b97.jpg', '2026-03-03 02:59:20', NULL),
	(66, 216, 'https://rgfs.bryansurio.workers.dev/tickets/712e0394-3310-41db-822f-b9eb90834a69.jpg', '2026-03-04 07:30:57', NULL),
	(67, 217, 'https://rgfs.bryansurio.workers.dev/tickets/ab79026e-b7f0-4aed-85a0-e26207058ec2.jpg', '2026-03-04 07:32:22', NULL),
	(68, 218, 'https://rgfs.bryansurio.workers.dev/tickets/c4a9e2c6-b5d7-4c12-98e1-3038382d8f94.png', '2026-03-10 03:45:15', NULL),
	(69, 219, 'https://rgfs.bryansurio.workers.dev/tickets/09a891fd-ba1c-419c-8482-8ea7aba328d8.png', '2026-03-11 07:46:38', NULL),
	(70, 220, 'https://rgfs.bryansurio.workers.dev/tickets/b00f11ea-1b79-4d55-a515-0394a1c66bc5.png', '2026-03-12 02:26:02', NULL),
	(72, 222, 'https://rgfs.bryansurio.workers.dev/tickets/9e03b7ae-e8d1-4966-a24f-68b375fb00bc.png', '2026-03-16 05:49:36', NULL),
	(73, 223, 'https://rgfs.bryansurio.workers.dev/tickets/931fc4c3-0e4f-475e-b0dc-8be2a8543806.png', '2026-03-16 05:56:20', NULL);

-- Dumping structure for table ticketing-system.tickets_job_orders
CREATE TABLE IF NOT EXISTS `tickets_job_orders` (
  `id` int NOT NULL AUTO_INCREMENT,
  `tickets_id` int DEFAULT NULL,
  `attachment_url` longtext CHARACTER SET utf8mb4 COLLATE utf8mb4_0900_ai_ci,
  `file_name` longtext,
  `file_size` longtext,
  `file_type` longtext,
  `created_at` timestamp NULL DEFAULT NULL,
  `updated_at` timestamp NULL DEFAULT NULL,
  PRIMARY KEY (`id`),
  KEY `FK_tickets_job_orders_tickets` (`tickets_id`),
  CONSTRAINT `FK_tickets_job_orders_tickets` FOREIGN KEY (`tickets_id`) REFERENCES `tickets` (`id`) ON DELETE CASCADE ON UPDATE CASCADE
) ENGINE=InnoDB AUTO_INCREMENT=146 DEFAULT CHARSET=utf8mb4 COLLATE=utf8mb4_0900_ai_ci;

-- Dumping data for table ticketing-system.tickets_job_orders: ~8 rows (approximately)
INSERT INTO `tickets_job_orders` (`id`, `tickets_id`, `attachment_url`, `file_name`, `file_size`, `file_type`, `created_at`, `updated_at`) VALUES
	(131, 205, 'https://rgfs.bryansurio.workers.dev/ticket/job-order/JobOrder-TK-56345', 'JobOrder-TK-56345.pdf', '76379', 'application/pdf', '2026-02-18 02:57:11', NULL),
	(132, 204, 'https://rgfs.bryansurio.workers.dev/ticket/job-order/JobOrder-TK-83863-811403', 'JobOrder-TK-83863.pdf', '76426', 'application/pdf', '2026-02-18 03:46:16', '2026-02-18 07:24:43'),
	(133, 206, 'https://rgfs.bryansurio.workers.dev/ticket/job-order/JobOrder-TK-43992-143598', 'JobOrder-TK-43992.pdf', '77016', 'application/pdf', '2026-02-18 06:04:17', '2026-02-27 07:35:37'),
	(134, 207, 'https://rgfs.bryansurio.workers.dev/ticket/job-order/JobOrder-TK-63946-475622', 'JobOrder-TK-63946.pdf', '76431', 'application/pdf', '2026-02-18 07:36:43', '2026-02-18 07:36:58'),
	(135, 208, 'https://rgfs.bryansurio.workers.dev/ticket/job-order/JobOrder-TK-93264-104478', 'JobOrder-TK-93264.pdf', '76456', 'application/pdf', '2026-02-18 08:12:34', '2026-02-25 03:48:02'),
	(136, 209, 'https://rgfs.bryansurio.workers.dev/ticket/job-order/JobOrder-TK-83863-811403', 'JobOrder-TK-83863.pdf', '76426', 'application/pdf', '2026-02-18 03:46:16', NULL),
	(137, 210, 'https://rgfs.bryansurio.workers.dev/ticket/job-order/JobOrder-TK-39467-379683', 'JobOrder-TK-39467.pdf', '76409', 'application/pdf', '2026-02-24 04:00:51', NULL),
	(138, 211, 'https://rgfs.bryansurio.workers.dev/ticket/job-order/JobOrder-TK-46881-242320', 'JobOrder-TK-46881.pdf', '77021', 'application/pdf', '2026-02-25 10:10:09', '2026-02-27 07:37:13'),
	(139, 212, 'https://rgfs.bryansurio.workers.dev/ticket/job-order/JobOrder-TK-82537-989814', 'JobOrder-TK-82537.pdf', '77032', 'application/pdf', '2026-02-27 07:58:22', '2026-02-27 08:01:00'),
	(140, 213, 'https://rgfs.bryansurio.workers.dev/ticket/job-order/JobOrder-TK-79643-368336', 'JobOrder-TK-79643.pdf', '77124', 'application/pdf', '2026-02-27 09:09:24', NULL),
	(141, 214, 'https://rgfs.bryansurio.workers.dev/ticket/job-order/JobOrder-TK-51432-280599', 'JobOrder-TK-51432.pdf', '77040', 'application/pdf', '2026-03-02 03:47:36', '2026-03-02 03:48:03'),
	(142, 215, 'https://rgfs.bryansurio.workers.dev/ticket/job-order/JobOrder-TK-53303-259734', 'JobOrder-TK-53303.pdf', '77061', 'application/pdf', '2026-03-03 03:08:47', '2026-03-18 06:06:27'),
	(143, 216, 'https://rgfs.bryansurio.workers.dev/ticket/job-order/JobOrder-TK-67915-265780', 'JobOrder-TK-67915.pdf', '77027', 'application/pdf', '2026-03-04 07:42:13', '2026-03-04 07:42:53'),
	(144, 217, 'https://rgfs.bryansurio.workers.dev/ticket/job-order/JobOrder-TK-50790-479486', 'JobOrder-TK-50790.pdf', '77031', 'application/pdf', '2026-03-04 07:57:27', NULL),
	(145, 220, 'https://rgfs.bryansurio.workers.dev/ticket/job-order/JobOrder-TK-99533-202895', 'JobOrder-TK-99533.pdf', '77120', 'application/pdf', '2026-03-12 05:42:47', '2026-03-12 05:53:52');

-- Dumping structure for table ticketing-system.tickets_job_order_finish
CREATE TABLE IF NOT EXISTS `tickets_job_order_finish` (
  `id` int NOT NULL AUTO_INCREMENT,
  `tickets_id` int DEFAULT NULL,
  `attachment_url` longtext CHARACTER SET utf8mb4 COLLATE utf8mb4_0900_ai_ci,
  `file_name` longtext,
  `file_size` longtext,
  `file_type` longtext,
  `created_at` timestamp NULL DEFAULT NULL,
  `updated_at` timestamp NULL DEFAULT NULL,
  PRIMARY KEY (`id`),
  KEY `FK_tickets_job_order_finish_tickets` (`tickets_id`),
  CONSTRAINT `FK_tickets_job_order_finish_tickets` FOREIGN KEY (`tickets_id`) REFERENCES `tickets` (`id`) ON DELETE CASCADE ON UPDATE CASCADE
) ENGINE=InnoDB AUTO_INCREMENT=15 DEFAULT CHARSET=utf8mb4 COLLATE=utf8mb4_0900_ai_ci;

-- Dumping data for table ticketing-system.tickets_job_order_finish: ~9 rows (approximately)
INSERT INTO `tickets_job_order_finish` (`id`, `tickets_id`, `attachment_url`, `file_name`, `file_size`, `file_type`, `created_at`, `updated_at`) VALUES
	(4, 205, 'https://rgfs.bryansurio.workers.dev/ticket/job-order/JobOrderFinish-TK-56345', 'JobOrder-TK-56345.pdf', '76379', 'application/pdf', '2026-02-18 02:57:32', '2026-02-18 03:01:15'),
	(5, 208, 'https://rgfs.bryansurio.workers.dev/ticket/job-order/JobOrderFinish-TK-93264-414751', 'JobOrder-TK-79643.pdf', '77124', 'application/pdf', '2026-02-18 08:32:26', '2026-03-02 01:21:19'),
	(7, 209, 'https://rgfs.bryansurio.workers.dev/ticket/job-order/JobOrderFinish-TK-96091-486031', 'JobOrder-TK-46881 (3).pdf', '76969', 'application/pdf', '2026-02-19 03:17:41', '2026-02-26 09:50:53'),
	(8, 210, 'https://rgfs.bryansurio.workers.dev/ticket/job-order/JobOrderFinish-TK-39467', 'JobOrder-TK-39467.pdf', '76409', 'application/pdf', '2026-02-24 04:02:39', NULL),
	(9, 211, 'https://rgfs.bryansurio.workers.dev/ticket/job-order/JobOrderFinish-TK-46881-369262', 'JobOrder-TK-51432.pdf', '77040', 'application/pdf', '2026-02-26 02:00:19', '2026-03-02 06:41:35'),
	(10, 212, 'https://rgfs.bryansurio.workers.dev/ticket/job-order/JobOrderFinish-TK-82537-843834', 'JobOrder-TK-93264 (18).pdf', '76456', 'application/pdf', '2026-02-27 08:05:12', '2026-02-27 08:05:59'),
	(11, 214, 'https://rgfs.bryansurio.workers.dev/ticket/job-order/JobOrderFinish-TK-51432-320294', 'JobOrder-TK-51432.pdf', '77040', 'application/pdf', '2026-03-02 05:03:23', NULL),
	(12, 216, 'https://rgfs.bryansurio.workers.dev/ticket/job-order/JobOrderFinish-TK-67915-114872', 'JobOrder-TK-67915.pdf', '77027', 'application/pdf', '2026-03-04 07:43:38', NULL),
	(13, 217, 'https://rgfs.bryansurio.workers.dev/ticket/job-order/JobOrderFinish-TK-50790-402249', 'JobOrder-TK-50790.pdf', '77031', 'application/pdf', '2026-03-04 07:58:58', NULL),
	(14, 204, 'https://rgfs.bryansurio.workers.dev/ticket/job-order/JobOrderFinish-TK-83863-156192', 'JobOrder-TK-75130.pdf', '76985', 'application/pdf', '2026-03-11 09:21:50', NULL);

-- Dumping structure for table ticketing-system.ticket_activity_logs
CREATE TABLE IF NOT EXISTS `ticket_activity_logs` (
  `id` int NOT NULL AUTO_INCREMENT,
  `tickets_id` char(50) NOT NULL DEFAULT '0',
  `ticket_conversation_id` int DEFAULT NULL,
  `user_name` varchar(255) DEFAULT NULL,
  `categories_id_old` int DEFAULT NULL,
  `categories_id_new` int DEFAULT NULL,
  `products_id_old` int DEFAULT NULL,
  `products_id_new` int DEFAULT NULL,
  `issues_id_old` int DEFAULT NULL,
  `issues_id_new` int DEFAULT NULL,
  `item_name_old` varchar(255) CHARACTER SET utf8mb4 COLLATE utf8mb4_0900_ai_ci DEFAULT NULL,
  `item_name_new` varchar(255) CHARACTER SET utf8mb4 COLLATE utf8mb4_0900_ai_ci DEFAULT NULL,
  `serial_number_old` varchar(255) CHARACTER SET utf8mb4 COLLATE utf8mb4_0900_ai_ci DEFAULT NULL,
  `serial_number_new` varchar(255) CHARACTER SET utf8mb4 COLLATE utf8mb4_0900_ai_ci DEFAULT NULL,
  `location_old` varchar(255) DEFAULT NULL,
  `location_new` varchar(50) DEFAULT NULL,
  `created_at` timestamp NULL DEFAULT NULL,
  PRIMARY KEY (`id`),
  KEY `FK_ticket_activity_logs_tickets_conversations` (`ticket_conversation_id`),
  KEY `categories_id_old` (`categories_id_old`),
  KEY `categories_id_new` (`categories_id_new`),
  KEY `products_id_old` (`products_id_old`),
  KEY `products_id_new` (`products_id_new`),
  KEY `issues_id_old` (`issues_id_old`),
  KEY `issues_id_new` (`issues_id_new`),
  KEY `tickets_id` (`tickets_id`),
  CONSTRAINT `FK_ticket_activity_logs_tickets` FOREIGN KEY (`tickets_id`) REFERENCES `tickets` (`reference_number`) ON DELETE CASCADE ON UPDATE CASCADE,
  CONSTRAINT `FK_ticket_activity_logs_tickets_conversations` FOREIGN KEY (`ticket_conversation_id`) REFERENCES `tickets_conversations` (`id`) ON DELETE CASCADE ON UPDATE CASCADE
) ENGINE=InnoDB AUTO_INCREMENT=37 DEFAULT CHARSET=utf8mb4 COLLATE=utf8mb4_0900_ai_ci;

-- Dumping data for table ticketing-system.ticket_activity_logs: ~27 rows (approximately)
INSERT INTO `ticket_activity_logs` (`id`, `tickets_id`, `ticket_conversation_id`, `user_name`, `categories_id_old`, `categories_id_new`, `products_id_old`, `products_id_new`, `issues_id_old`, `issues_id_new`, `item_name_old`, `item_name_new`, `serial_number_old`, `serial_number_new`, `location_old`, `location_new`, `created_at`) VALUES
	(5, 'TK-93264', 464, 'SuperBesse Admin', 20, 27, NULL, 34, NULL, 57, 'Sda', NULL, '3211', '3211', NULL, NULL, '2026-02-19 05:30:00'),
	(6, 'TK-93264', 465, 'SuperBesse Admin', 27, 25, 34, 27, 57, 78, NULL, NULL, '3211', '3211', NULL, NULL, '2026-02-19 05:30:50'),
	(7, 'TK-93264', 466, 'SuperBesse Admin', 25, 25, 27, 27, 78, 76, NULL, NULL, '3211', '3211', NULL, NULL, '2026-02-19 05:47:26'),
	(8, 'TK-93264', 469, 'SuperBesse Admin', 25, 24, 27, 28, 76, 81, NULL, NULL, '3211', '3211', NULL, NULL, '2026-02-19 06:03:53'),
	(9, 'TK-93264', 470, 'SuperBesse Admin', 24, 20, 28, NULL, 81, NULL, NULL, 'Kjnl', '3211', '3211', NULL, NULL, '2026-02-19 06:04:32'),
	(10, 'TK-93264', 471, 'SuperBesse Admin', 20, 20, NULL, NULL, NULL, NULL, 'Kjnl', 'Kjnl', '3211', '3211', NULL, NULL, '2026-02-20 05:24:16'),
	(11, 'TK-39467', 502, 'SuperBessee Admin', 24, 24, 28, 28, 84, 83, NULL, NULL, NULL, NULL, NULL, NULL, '2026-02-24 04:00:52'),
	(12, 'TK-93264', 505, 'SuperBessee Admin', 20, 7, NULL, 29, NULL, 67, 'Kjnl', NULL, '3211', '3211', NULL, NULL, '2026-02-25 03:48:04'),
	(13, 'TK-46881', 507, 'SuperBessee Admin', 7, 7, 29, 29, 58, 58, NULL, NULL, NULL, NULL, NULL, NULL, '2026-02-25 10:10:10'),
	(14, 'TK-46881', 508, 'SuperBessee Admin', 7, 7, 29, 29, 58, 58, NULL, NULL, NULL, NULL, NULL, NULL, '2026-02-25 10:16:00'),
	(15, 'TK-46881', 509, 'SuperBessee Admin', 7, 7, 29, 29, 58, 58, NULL, NULL, NULL, NULL, NULL, NULL, '2026-02-25 10:23:22'),
	(16, 'TK-46881', 510, 'SuperBessee Admin', 7, 7, 29, 29, 58, 58, NULL, NULL, NULL, NULL, NULL, NULL, '2026-02-25 10:24:24'),
	(17, 'TK-46881', 511, 'SuperBessee Admin', 7, 7, 29, 29, 58, 58, NULL, NULL, NULL, NULL, NULL, NULL, '2026-02-25 10:24:36'),
	(18, 'TK-46881', 522, 'SuperBessee Admin', 7, 7, 29, 29, 58, 58, NULL, NULL, NULL, NULL, NULL, NULL, '2026-02-26 06:16:19'),
	(19, 'TK-46881', 526, 'SuperBessee Admin', 7, 7, 29, 29, 58, 58, NULL, NULL, NULL, NULL, NULL, NULL, '2026-02-26 10:54:31'),
	(21, 'TK-46881', 531, 'SuperBessee Admin', 7, 7, 29, 29, 58, 58, NULL, NULL, NULL, NULL, NULL, NULL, '2026-02-27 07:37:14'),
	(22, 'TK-82537', 537, 'SuperBessee Admin', 27, 27, 34, 34, 57, 57, NULL, NULL, '12312', '12312 ', NULL, NULL, '2026-02-27 08:01:01'),
	(23, 'TK-79643', 541, 'SuperBessee Admin', 7, 7, 29, 29, 61, 61, NULL, NULL, NULL, NULL, NULL, NULL, '2026-02-27 09:09:25'),
	(24, 'TK-51432', 545, 'Dexter Jamero', 7, 7, 29, 29, 64, 64, NULL, NULL, 'Dsadsa', 'Dsadsa', NULL, NULL, '2026-03-02 03:48:04'),
	(25, 'TK-53303', 547, 'SuperBessee Admin', 7, 7, 29, 29, 58, 58, NULL, NULL, 'Dasddas', 'Dasddasdsa', NULL, NULL, '2026-03-03 03:21:45'),
	(26, 'TK-53303', 548, 'SuperBessee Admin', 7, 7, 29, 29, 58, 58, NULL, NULL, 'Dasddas', 'Dasddasdsa', NULL, NULL, '2026-03-03 03:22:59'),
	(27, 'TK-53303', 549, 'SuperBessee Admin', 7, 7, 29, 29, 58, 58, NULL, NULL, 'Dasddas', 'Dasddasdsa', 'Dasdsadsad', 'D', '2026-03-03 03:31:20'),
	(28, 'TK-53303', 550, 'SuperBessee Admin', 7, 27, 29, 34, 58, 57, NULL, NULL, 'Dasddasdsa', 'Dasddasdsa', 'Ddsa', 'Ddsa', '2026-03-03 05:10:06'),
	(29, 'TK-53303', 551, 'SuperBessee Admin', 27, 27, 34, 34, 57, 57, NULL, NULL, 'Dasddasdsa', 'Dasddasdsa', 'Ddsa', 'Ddsa', '2026-03-03 06:13:11'),
	(30, 'TK-53303', 552, 'SuperBessee Admin', 27, 27, 34, 34, 57, 57, NULL, NULL, 'Dasddasdsa', 'Dasddasdsa', 'Ddsa', 'Ddsa', '2026-03-03 10:25:26'),
	(31, 'TK-67915', 557, 'SuperBessee Admin', 7, 7, 29, 29, 54, 54, NULL, NULL, '09vjjhvj', '09vjjhvj', 'Das', 'Das', '2026-03-04 07:42:54'),
	(32, 'TK-50790', 563, 'Dexter Jamero', 7, 7, 29, 29, 54, 58, NULL, NULL, '3211', '3211da', 'Asd', 'Asd', '2026-03-04 07:57:28'),
	(35, 'TK-99533', 577, 'SuperBessee Admin', 7, 7, 29, 29, 67, 67, NULL, NULL, 'DOS123124', 'DOS123124', 'Quezon City', 'Quezon City', '2026-03-12 05:53:53'),
	(36, 'TK-53303', 584, 'SuperBessee Admin', 27, 7, 34, 29, 57, 73, NULL, NULL, 'Dasddasdsa', 'Dasddasdsa', 'Ddsa', 'Ddsa', '2026-03-18 06:06:29');

-- Dumping structure for table ticketing-system.users
CREATE TABLE IF NOT EXISTS `users` (
  `id` int NOT NULL AUTO_INCREMENT,
  `pid` char(50) CHARACTER SET utf8mb4 COLLATE utf8mb4_0900_ai_ci DEFAULT NULL,
  `first_name` varchar(50) DEFAULT NULL,
  `last_name` varchar(50) DEFAULT NULL,
  `email` varchar(50) DEFAULT NULL,
  `password` longtext,
  `contact_number` longtext,
  `is_deleted` tinyint DEFAULT '0',
  `created_at` timestamp NULL DEFAULT NULL,
  `updated_at` timestamp NULL DEFAULT NULL,
  PRIMARY KEY (`id`)
) ENGINE=InnoDB AUTO_INCREMENT=30 DEFAULT CHARSET=utf8mb4 COLLATE=utf8mb4_0900_ai_ci;

-- Dumping data for table ticketing-system.users: ~8 rows (approximately)
INSERT INTO `users` (`id`, `pid`, `first_name`, `last_name`, `email`, `password`, `contact_number`, `is_deleted`, `created_at`, `updated_at`) VALUES
	(2, 'ab2dfbe9-d7fe-458b-be38-2f571fac190e', 'SuperBessee', 'Admin', 'admin@beesee.ph', '$2a$12$ve494YgHT91W0b.6O0REAeg37fobvm3DdUeCn0c.XEQHtnX8uXmNy', '09123333333', 0, '2025-11-19 01:43:58', '2026-03-02 07:00:42'),
	(18, 'ebeabc0b-b84a-4bea-8a08-cf91e3b78882', 'Rd', 'Abuan', 'rogildo.abuan@beesee.ph', '$2a$12$J/6lRwN6xLTD.KS4ef4jlOE0vLOlW97OTNBWwRvBumYNTN5mgCGBu', '09123333333', 0, '2025-11-27 02:35:55', '2026-02-12 02:31:43'),
	(21, 'c3907889-8f5c-4f8d-992f-3aa062931f34', 'Dexter', 'Jamero', 'dexterjamero@beesee.ph', '$2a$10$HoyY0XwNXxpdQ/RTk5QEVulBajiSr5YozZZgkyKvL4U3JvLDqSoBS', '09123123123', 0, '2026-01-12 02:31:06', '2026-03-10 03:48:24'),
	(24, '28d16164-4824-424c-aec7-4d71ad75a7ff', 'Test', 'Test', 'test@gmail.com', '$2a$12$YSWTI/NpOt.Hbxs5YQpD5eapyn38rarhzt8ZIlck174geLFmtxT0a', NULL, 0, '2026-01-21 10:32:25', NULL),
	(26, '60d2cba7-681f-4835-b938-eabe7226e337', 'Test', 'Test', 'testa@gmail.com', '$2a$10$b0AjHWhCQc1yyrzdcXauQOKZgAjVhfyQ0FY5sc86HEcCWliLDalCa', '09122222222', 1, '2026-02-20 01:57:43', NULL),
	(27, 'ebd09bee-7f62-4bee-a8aa-9bd061e7c44c', 'Test', 'Test', 'testaa@gmail.com', '$2a$10$SpqaVPNdNwfmWgdIRQ4k/.RpNgKE2GnwkULq.NUVgWGwEfld3/zhe', '09123123123', 1, '2026-02-24 01:15:53', '2026-02-24 03:16:32'),
	(28, '0272277e-c3f5-4a5a-bca9-878230ae1729', 'RD', 'Abuan', 'technician@beesee.ph', '$2a$10$liwTWiWZq7WqA8k6b8vA6.juHTCPM6jyGJKK9RZjcWV.f.HnUrIdC', '09123333333', 1, '2026-02-24 01:48:25', '2026-03-02 07:26:05'),
	(29, 'c52831cb-0ca2-4d21-98eb-945dd60f3918', 'Testa', 'Test', 'dexterjameror@beesee.ph', '$2a$10$oi4kIUXtUvQQn1ZrGAKZZOYp5C5uBC1M8AhLLxNrl57ApJXsmC.1y', '09213333333', 0, '2026-03-10 03:51:04', '2026-03-10 03:51:25');

-- Dumping structure for table ticketing-system.users_details
CREATE TABLE IF NOT EXISTS `users_details` (
  `id` int NOT NULL AUTO_INCREMENT,
  `users_id` int DEFAULT NULL,
  `positions_id` int DEFAULT NULL,
  `employment_status` enum('Active','Resigned','Terminated','On-leave') CHARACTER SET utf8mb4 COLLATE utf8mb4_0900_ai_ci DEFAULT NULL,
  `url_permission` varchar(50) DEFAULT NULL,
  `created_at` timestamp NULL DEFAULT NULL,
  `updated_at` timestamp NULL DEFAULT NULL,
  PRIMARY KEY (`id`),
  KEY `FK_users_details_users` (`users_id`),
  KEY `FK_users_details_positions` (`positions_id`),
  CONSTRAINT `FK_users_details_positions` FOREIGN KEY (`positions_id`) REFERENCES `positions` (`id`) ON DELETE RESTRICT ON UPDATE CASCADE,
  CONSTRAINT `FK_users_details_users` FOREIGN KEY (`users_id`) REFERENCES `users` (`id`) ON DELETE CASCADE ON UPDATE CASCADE
) ENGINE=InnoDB AUTO_INCREMENT=25 DEFAULT CHARSET=utf8mb4 COLLATE=utf8mb4_0900_ai_ci;

-- Dumping data for table ticketing-system.users_details: ~8 rows (approximately)
INSERT INTO `users_details` (`id`, `users_id`, `positions_id`, `employment_status`, `url_permission`, `created_at`, `updated_at`) VALUES
	(2, 2, 25, 'Active', 'technician_url', '2025-11-19 01:43:58', NULL),
	(13, 18, 26, 'Active', 'technician_url', '2025-11-27 02:35:55', '2026-02-12 02:31:43'),
	(16, 21, 26, 'Active', 'technician_url', '2026-01-12 02:31:06', '2026-02-24 03:15:34'),
	(19, 24, 25, 'Active', 'technician_url', '2026-01-21 10:32:25', NULL),
	(21, 26, 37, 'Active', 'technician_url', '2026-02-20 01:57:43', NULL),
	(22, 27, 37, 'Active', 'technician_url', '2026-02-24 01:15:53', '2026-02-24 03:16:32'),
	(23, 28, 26, 'Active', 'technician_url', '2026-02-24 01:48:25', '2026-03-02 07:26:05'),
	(24, 29, 25, 'Active', 'technician_url', '2026-03-10 03:51:04', '2026-03-10 03:51:25');

-- Dumping structure for table ticketing-system.users_images
CREATE TABLE IF NOT EXISTS `users_images` (
  `id` int NOT NULL AUTO_INCREMENT,
  `users_id` int DEFAULT NULL,
  `image_url` longtext,
  `created_at` timestamp NULL DEFAULT NULL,
  `updated_At` timestamp NULL DEFAULT NULL,
  PRIMARY KEY (`id`),
  KEY `FK_users_images_users` (`users_id`),
  CONSTRAINT `FK_users_images_users` FOREIGN KEY (`users_id`) REFERENCES `users` (`id`) ON DELETE CASCADE ON UPDATE CASCADE
) ENGINE=InnoDB AUTO_INCREMENT=19 DEFAULT CHARSET=utf8mb4 COLLATE=utf8mb4_0900_ai_ci;

-- Dumping data for table ticketing-system.users_images: ~7 rows (approximately)
INSERT INTO `users_images` (`id`, `users_id`, `image_url`, `created_at`, `updated_At`) VALUES
	(2, 2, 'https://rgfs.bryansurio.workers.dev/users/048f34ea-f524-4996-968f-1b4be936844f.jpg', '2025-11-24 03:35:43', '2026-01-14 08:26:37'),
	(7, 18, 'https://rgfs.bryansurio.workers.dev/users/d6ecd8c1-fa91-4cc4-9f3c-ed61fca0bd52.png', '2025-11-27 02:35:56', '2026-01-12 06:56:54'),
	(10, 21, 'https://rgfs.bryansurio.workers.dev/users/d141277b-ae35-4d81-bf63-28be72539007.png', '2026-01-12 02:31:07', NULL),
	(13, 24, 'https://rgfs.bryansurio.workers.dev/users/dda29fd6-b812-4148-8058-4f2a582b3778.png', '2026-01-21 10:32:26', NULL),
	(15, 26, 'https://rgfs.bryansurio.workers.dev/users/ead2c477-9da7-4dbc-a4b9-beabe9742f00.png', '2026-02-20 01:57:45', NULL),
	(16, 27, 'https://rgfs.bryansurio.workers.dev/users/36ef45f6-a2c4-4f29-a494-522d81c39879.png', '2026-02-24 01:15:53', NULL),
	(17, 28, 'https://rgfs.bryansurio.workers.dev/users/15f2949d-dff2-46e1-8712-3f40ce3c8b51.png', '2026-02-24 01:48:26', NULL),
	(18, 29, 'https://rgfs.bryansurio.workers.dev/users/22b3eaf5-5fa8-41aa-ab17-de29ada168d5.png', '2026-03-10 03:51:05', NULL);

/*!40103 SET TIME_ZONE=IFNULL(@OLD_TIME_ZONE, 'system') */;
/*!40101 SET SQL_MODE=IFNULL(@OLD_SQL_MODE, '') */;
/*!40014 SET FOREIGN_KEY_CHECKS=IFNULL(@OLD_FOREIGN_KEY_CHECKS, 1) */;
/*!40101 SET CHARACTER_SET_CLIENT=@OLD_CHARACTER_SET_CLIENT */;
/*!40111 SET SQL_NOTES=IFNULL(@OLD_SQL_NOTES, 1) */;
